Country,Year,Meningitis,Neoplasms,Malaria,Drowning,Interpersonal_violence,HIV,Drug_use_disorders,Road_injuries,Maternal_disorders,Deaths - Lower respiratory infections - Sex: Both - Age: All Ages (Number),Alcohol_use_disorders,Diarrheal,Nutritional_deficiencies,Self-harm,Diabetes_mellitus,Poisonings,Cardiovascular,Kidney_disease,Respiratory_diseases,Liver_diseases,Digestive_diseases,Alzheimer_disease,Parkinson_disease,Total_death_per_year
Afghanistan,2009,2460,16383,239,1852,3874,167,270,7290,5013,24340,115,7359,2040,1342,3336,483,53964,4597,7045,3291,6358,1449,460,154792
Afghanistan,2011,2327,17094,390,1775,4170,184,292,7432,4857,22883,120,6412,1846,1391,3550,483,54347,4785,6916,3318,6370,1508,473,154448
Afghanistan,2012,2254,17522,94,1716,4245,191,305,7494,4736,22162,123,6008,1705,1413,3682,482,54868,4846,6878,3353,6398,1544,482,156022
Afghanistan,2013,2281,18015,143,1777,4379,200,316,8054,4623,22260,126,5986,1690,1433,3827,494,55274,4945,6859,3413,6476,1581,491,158352
Afghanistan,2014,1935,18462,228,1757,4420,213,326,8087,4470,21750,128,5751,1617,1444,3986,496,55932,5055,6851,3454,6522,1620,502,160420
Afghanistan,2015,1821,18876,284,1730,5039,230,339,7730,4320,21016,131,5509,1505,1467,4143,496,56875,5153,6835,3492,6555,1652,511,161925
Afghanistan,2016,1795,19459,388,1742,5033,251,354,7866,4212,20601,135,5376,1452,1505,4349,504,57970,5296,6894,3578,6673,1690,524,163789
Afghanistan,2010,2410,16718,377,1837,4130,176,281,7379,4940,23701,118,6889,1974,1367,3413,484,53934,4693,6969,3304,6367,1476,465,154559
Afghanistan,2017,1665,20111,399,1723,5191,272,372,8013,4123,19868,139,5328,1367,1548,4497,512,59553,5419,6982,3693,6841,1728,537,165973
Afghanistan,2018,1576,20673,466,1669,5500,291,390,8095,4102,19014,143,4597,1279,1582,4664,514,60893,5531,7036,3732,6861,1757,551,160916
Afghanistan,2019,1563,21247,530,1687,5015,318,406,8254,4038,18697,147,4320,1244,1613,4817,525,61995,5637,7082,3797,6929,1775,560,162196
Armenia,2009,9,5635,0,58,153,12,10,260,12,572,63,23,5,286,1355,19,13478,309,1201,1071,1617,577,153,26879
Armenia,2010,8,5672,0,57,154,10,10,257,7,570,62,20,5,296,1345,20,13493,334,1196,1101,1668,614,159,27058
Armenia,2011,7,5697,0,54,151,10,10,263,8,567,61,19,4,306,1321,20,13432,353,1207,1129,1714,647,162,27142
Armenia,2012,7,5672,0,53,193,20,9,267,7,559,62,17,4,308,1282,20,13268,385,1217,1116,1718,681,164,27029
Armenia,2013,6,5571,0,49,174,16,9,259,9,558,63,16,3,299,1226,19,12927,395,1211,1097,1704,713,162,26486
Armenia,2014,6,5612,0,47,171,28,9,260,9,566,64,15,3,297,1195,19,12911,413,1248,1111,1728,741,164,26617
Armenia,2015,6,5768,0,47,162,31,9,274,9,595,65,14,4,302,1209,19,13198,440,1307,1146,1780,780,169,27334
Armenia,2016,5,5714,0,45,159,27,9,262,12,613,66,14,4,297,1164,19,13194,466,1298,1158,1784,810,169,27295
Armenia,2017,5,5756,0,45,154,22,9,251,9,582,67,14,4,289,1196,18,13391,455,1319,1138,1758,839,171,27492
Armenia,2018,5,5789,0,44,154,20,10,245,8,565,68,14,4,289,1214,18,13489,453,1326,1127,1740,861,170,27613
Armenia,2019,5,5834,0,44,153,19,10,240,8,546,69,13,4,287,1235,18,13507,449,1323,1114,1720,873,169,27640
Azerbaijan,2009,113,9484,1,341,325,40,32,725,46,3651,192,172,38,406,1671,83,37685,1222,1716,2811,3587,765,280,65387
Azerbaijan,2010,111,9740,1,345,340,42,33,740,47,3575,197,159,37,408,1710,84,38294,1248,1753,2815,3593,785,293,66350
Azerbaijan,2011,99,10022,1,336,343,36,34,750,46,3471,202,153,35,406,1745,85,39148,1272,1804,2838,3624,819,308,67577
Azerbaijan,2012,93,10263,0,327,353,30,34,745,44,3350,205,146,34,398,1790,85,39799,1291,1847,2850,3639,832,319,68474
Azerbaijan,2013,75,10439,0,331,360,28,34,751,39,3225,206,144,33,394,1826,85,40438,1309,1884,2874,3670,857,331,69333
Azerbaijan,2014,73,10664,0,329,365,29,35,748,37,3116,207,140,33,387,1881,84,41339,1330,1933,2916,3720,881,344,70591
Azerbaijan,2015,69,10853,0,317,364,30,34,776,36,2988,208,136,31,376,1929,83,41528,1337,1952,2945,3751,889,346,70978
Azerbaijan,2016,67,11155,0,311,361,32,35,766,34,2863,209,133,30,368,2000,82,42389,1360,2001,3012,3830,906,356,72301
Azerbaijan,2017,65,11501,0,311,364,33,36,775,33,2726,213,127,30,369,2073,83,43086,1381,2038,3073,3900,907,360,73489
Azerbaijan,2018,63,11626,0,313,370,35,37,791,33,2569,220,120,29,375,2092,84,42028,1373,1996,3075,3896,918,343,72386
Azerbaijan,2019,62,11913,0,312,372,37,39,803,32,2454,225,114,29,379,2150,85,42138,1386,2006,3118,3945,941,338,72878
Bahrain,2009,3,482,0,12,35,12,2,171,5,67,4,9,4,89,375,2,848,117,132,88,140,36,13,2646
Bahrain,2010,3,499,0,12,35,12,2,168,5,66,5,9,4,86,404,2,862,119,126,89,140,38,13,2699
Bahrain,2011,3,511,0,12,34,12,3,167,5,66,5,9,4,86,429,2,876,122,123,91,142,41,14,2757
Bahrain,2012,3,523,0,13,33,12,3,170,6,66,5,9,4,85,456,3,884,123,119,94,145,43,14,2817
Bahrain,2013,3,539,0,14,32,12,3,176,6,65,5,9,3,84,489,3,883,122,115,97,148,45,14,2870
Bahrain,2014,3,567,0,14,32,11,3,179,7,65,5,9,3,85,519,2,899,121,115,101,154,49,15,2967
Bahrain,2015,3,606,0,14,31,11,3,181,7,68,5,10,3,84,540,2,955,130,123,107,164,53,16,3121
Bahrain,2016,3,649,0,13,30,11,3,177,6,71,5,10,3,81,573,2,1021,139,132,114,175,58,17,3294
Bahrain,2017,3,700,0,13,29,10,3,177,6,76,6,11,4,79,615,2,1104,151,142,122,187,63,19,3528
Bahrain,2018,3,753,0,13,28,9,3,176,5,79,6,11,4,78,655,2,1176,162,150,129,198,68,20,3728
Bahrain,2019,3,817,0,12,27,7,3,177,5,83,6,11,4,77,708,2,1271,176,161,138,212,74,21,3995
Bangladesh,2009,3846,73425,4105,19115,3521,214,227,9143,7008,50206,279,32312,9739,8237,22685,497,242016,10648,59517,25497,39291,7239,2745,631530
Bangladesh,2010,3663,76058,4993,17169,3576,246,229,9183,6938,47584,280,31548,8793,8133,23287,506,252054,10771,60294,25085,38799,7658,2899,639761
Bangladesh,2011,3328,76393,5108,15392,3678,286,220,8715,6848,44083,276,30285,7706,7534,21981,494,243361,10470,56564,24070,37327,7951,2713,614792
Bangladesh,2012,3005,77715,1087,13666,3632,320,217,8393,7283,40685,277,29560,6792,7119,21231,500,238443,10336,53698,23548,36562,8374,2556,595007
Bangladesh,2013,2887,80503,481,12246,3841,343,224,8371,7343,39183,280,30075,6259,6949,22033,490,245834,10470,54792,23445,36587,9137,2719,604508
Bangladesh,2015,2366,87112,901,10182,4087,368,233,8469,7439,37458,286,31321,5703,6857,24520,518,268859,10872,58308,23622,37322,10930,3180,640999
Bangladesh,2016,2334,91436,580,9401,4052,377,249,8428,7204,37103,295,32195,5311,6887,26259,533,279014,11265,60948,24192,38322,12037,3441,661939
Bangladesh,2014,2841,84234,1309,11053,4025,359,243,8581,7371,38828,285,30824,5974,6974,23973,504,260732,10825,58264,23631,37074,10117,3071,631130
Bangladesh,2017,2356,97080,560,8735,4021,383,271,8632,6913,37649,305,33537,5107,7096,29283,546,301659,11903,66183,25270,40132,13346,3951,704943
Bangladesh,2018,2338,101677,155,8107,3982,373,286,8639,6741,37302,314,33110,4702,7213,31202,555,313376,12339,68578,25707,40888,14478,4221,726283
Bangladesh,2019,2323,106147,110,7581,3954,359,299,8612,6598,37302,322,32927,4402,7365,33095,561,324764,12775,70893,26165,41679,15614,4489,748336
Bhutan,2009,40,352,16,28,9,25,1,69,37,213,6,154,14,37,99,3,958,108,472,157,259,52,18,3127
Bhutan,2010,38,365,4,27,9,26,1,69,36,205,6,149,13,38,104,3,983,111,482,160,262,55,19,3165
Bhutan,2011,32,377,3,26,9,27,2,70,35,197,6,144,12,39,109,3,1008,115,493,162,265,58,20,3212
Bhutan,2012,29,388,1,25,9,29,2,70,34,188,6,139,11,39,115,2,1033,119,502,163,267,61,21,3253
Bhutan,2013,28,400,0,25,9,31,2,69,33,183,6,136,10,40,121,2,1056,124,512,165,269,64,21,3306
Bhutan,2014,27,412,1,24,9,33,2,69,32,179,6,133,9,40,127,2,1080,129,522,167,272,66,22,3363
Bhutan,2015,26,424,0,23,8,33,2,67,31,175,6,130,9,40,134,2,1105,133,533,169,274,69,23,3416
Bhutan,2016,24,436,0,23,8,33,2,67,29,170,7,127,8,41,140,2,1128,137,542,171,277,72,24,3468
Bhutan,2017,23,448,0,22,8,32,2,66,28,166,7,126,8,40,144,2,1153,140,551,173,282,75,25,3521
Bhutan,2018,23,461,0,22,8,31,2,65,27,164,7,122,7,41,149,2,1181,144,561,175,284,78,26,3580
Bhutan,2019,22,474,0,21,7,31,2,64,26,161,7,119,7,41,155,2,1208,147,571,176,285,81,27,3634
Brunei,2009,1,345,0,13,6,5,2,51,2,51,1,2,1,17,131,1,368,49,73,22,42,15,8,1206
Brunei,2010,1,363,0,14,6,5,2,52,2,55,1,2,1,18,136,1,377,52,74,23,44,16,9,1254
Brunei,2011,1,377,0,14,6,5,2,53,2,59,1,2,1,19,138,1,383,54,74,23,45,16,9,1285
Brunei,2012,1,394,0,15,6,5,2,55,2,62,1,2,1,20,141,1,390,57,75,24,47,17,9,1327
Brunei,2013,1,416,0,15,6,5,2,56,3,67,1,3,1,21,146,1,407,61,78,25,49,18,10,1392
Brunei,2014,1,434,0,15,6,5,2,56,3,71,1,3,1,22,149,1,421,65,79,26,51,19,10,1441
Brunei,2015,1,453,0,15,6,6,2,56,3,74,1,3,1,22,152,1,436,68,81,27,53,19,11,1491
Brunei,2016,1,473,0,15,6,5,2,56,2,76,1,3,1,23,153,1,453,72,83,28,55,20,11,1540
Brunei,2017,1,491,0,16,6,5,2,59,3,78,1,3,1,23,159,1,472,74,86,29,57,21,12,1600
Brunei,2018,2,510,0,16,6,5,2,60,3,80,1,3,1,24,165,1,491,76,90,30,59,22,12,1659
Brunei,2019,2,528,0,16,6,5,2,61,3,82,2,3,1,25,171,1,508,78,93,31,61,24,13,1716
Cambodia,2009,357,9944,603,1199,479,3920,28,2774,711,12918,108,2360,720,696,2456,76,21722,1629,3850,6705,10206,1147,280,84888
Cambodia,2010,312,10345,335,1183,495,3361,29,2800,668,12732,110,2250,679,708,2563,75,22564,1684,3971,6846,10371,1209,295,85585
Cambodia,2011,289,10723,320,1136,498,2875,29,2790,595,12492,112,2142,642,711,2670,74,23410,1735,4090,6959,10494,1273,310,86369
Cambodia,2012,279,11114,148,1136,513,2521,30,2801,561,12429,114,2067,618,718,2768,74,24179,1783,4186,7085,10631,1335,324,87414
Cambodia,2013,262,11526,84,1109,513,2290,31,2804,559,12281,116,1982,594,724,2876,73,24962,1835,4281,7208,10757,1399,338,88604
Cambodia,2014,257,11963,118,1113,514,2121,32,2828,555,12303,119,1934,581,734,2984,73,25734,1886,4379,7369,10941,1461,352,90351
Cambodia,2015,174,12436,138,1108,514,1961,33,2849,535,12179,121,1893,569,748,3103,74,26558,1943,4485,7554,11160,1526,367,92028
Cambodia,2016,159,12927,94,1098,514,1825,34,2870,519,12124,124,1853,557,764,3229,73,27398,2004,4595,7760,11411,1591,383,93906
Cambodia,2017,147,13424,152,1075,505,1690,35,2876,501,12059,127,1844,548,775,3346,73,28304,2059,4711,8028,11757,1655,400,96091
Cambodia,2018,138,13998,66,1065,501,1539,36,2895,488,12059,130,1777,539,784,3490,72,29323,2127,4840,8211,11976,1725,421,98200
Cambodia,2019,129,14553,57,1048,495,1416,37,2911,477,12066,133,1718,532,785,3631,72,30313,2193,4959,8388,12188,1794,442,100337
China,2009,8394,2214787,9,72888,20659,16364,9981,329237,4207,186990,21192,8901,10874,150572,128147,30105,3669964,152838,1145608,164921,288756,208139,57485,8901204
China,2010,8341,2265802,12,70955,18926,16722,9838,327545,3762,186499,21077,7891,11293,146044,132114,30838,3831636,160396,1139700,162119,285663,218436,60241,9115857
China,2011,8193,2296328,11,66696,17477,17075,9567,315824,3350,184317,20738,7198,11739,139061,134980,30883,3937801,165833,1115828,158710,281834,225852,61781,9211095
China,2012,8057,2318471,0,65110,16177,16455,9170,300970,3015,181048,20458,6779,12120,131641,137073,30494,3973790,169494,1083590,155219,277791,232656,62640,9212245
China,2013,7971,2337453,0,63152,15134,17728,8989,288937,2761,178100,20181,6452,12748,126196,140303,30263,4049045,173650,1058374,151718,273718,239240,63853,9266026
China,2014,7740,2378155,0,62733,14194,21784,8980,279949,2340,175785,20069,6131,13528,123006,145136,29957,4120839,177089,1042132,149653,271449,249056,65555,9365582
China,2015,7553,2414868,0,61489,13512,26060,8872,268987,2341,175523,19893,6078,14487,120453,149030,29323,4180060,179638,1029418,148056,270036,259217,66761,9451778
China,2016,7550,2477718,0,61049,13076,29402,8964,262951,2510,179477,19803,6243,15827,121045,155700,29051,4292981,184528,1039047,148104,271648,275481,69364,9671532
China,2017,7228,2543288,0,59354,12523,31031,9499,257068,2083,179595,19627,6050,16572,121412,161250,28345,4378469,187685,1040384,149472,273724,291962,71490,9848127
China,2018,6798,2621322,0,57898,12197,31707,10569,253799,1725,180964,19499,5618,16630,121610,166694,27623,4459245,191351,1054610,149792,273223,306747,73789,10043410
China,2019,6465,2716551,0,56524,11970,31746,11445,250025,1537,185264,19459,5440,16863,121217,172892,27084,4584273,196726,1085273,152262,277142,320715,76990,10327863
Cyprus,2009,3,1764,0,27,21,4,14,156,1,154,8,13,6,58,485,2,2738,268,403,117,288,214,72,6816
Cyprus,2010,3,1805,0,25,21,4,14,142,1,153,8,14,6,58,476,2,2714,278,414,118,295,223,74,6848
Cyprus,2011,3,1843,0,23,21,4,13,133,1,149,8,15,6,57,461,2,2672,283,418,118,297,230,74,6831
Cyprus,2012,2,1892,0,22,21,4,13,127,1,146,8,16,6,58,451,2,2651,288,429,118,300,237,75,6867
Cyprus,2013,2,1952,0,23,21,4,13,126,0,145,8,17,6,60,449,2,2665,292,444,121,308,246,77,6981
Cyprus,2014,2,2023,0,24,21,4,14,127,0,148,8,18,7,62,454,2,2729,301,466,124,318,256,80,7188
Cyprus,2015,3,2084,0,24,21,5,15,128,0,151,9,19,7,62,456,2,2799,308,490,127,326,267,83,7386
Cyprus,2016,3,2117,0,25,21,4,16,128,0,152,9,20,7,63,450,2,2810,306,497,128,331,279,84,7452
Cyprus,2017,3,2145,0,25,21,4,17,131,0,153,9,20,7,64,454,2,2860,307,496,131,336,292,84,7561
Cyprus,2018,3,2214,0,26,21,4,17,132,0,160,9,21,7,65,471,2,2974,319,517,135,349,307,89,7842
Cyprus,2019,3,2291,0,26,21,5,17,134,0,169,9,22,7,67,490,3,3112,335,541,140,364,324,94,8174
Georgia,2009,34,7742,0,101,143,6,16,743,41,651,56,18,3,306,1119,30,32977,724,1351,1584,2032,1477,306,51465
Georgia,2010,31,8023,0,98,168,8,17,744,28,698,52,19,5,307,1235,28,33273,718,1368,1604,2104,1518,319,52369
Georgia,2011,30,8269,0,93,138,15,18,744,26,729,49,20,7,309,1356,26,32700,719,1358,1608,2156,1558,322,52251
Georgia,2012,29,8436,0,93,118,51,18,763,23,751,48,21,10,312,1493,25,31229,718,1319,1591,2184,1582,317,51132
Georgia,2013,29,8367,0,90,120,30,17,783,25,777,43,20,12,321,1502,23,29960,710,1270,1565,2195,1611,310,49782
Georgia,2014,27,8354,0,87,142,60,18,802,22,810,43,19,13,329,1479,22,29463,706,1240,1538,2180,1638,309,49301
Georgia,2015,26,8523,0,90,142,55,17,804,23,873,42,19,13,332,1468,20,29325,709,1234,1555,2204,1660,311,49445
Georgia,2016,24,8537,0,87,130,34,20,777,22,839,42,18,12,329,1462,21,30218,725,1254,1591,2219,1693,316,50371
Georgia,2017,23,8487,0,85,129,29,22,747,21,816,42,17,11,322,1437,21,30238,720,1249,1589,2200,1696,314,50215
Georgia,2018,22,8418,0,82,127,26,24,720,20,790,42,16,10,317,1406,20,29969,714,1236,1579,2172,1708,309,49727
Georgia,2019,21,8327,0,80,125,23,26,693,19,765,42,15,10,313,1374,20,29709,706,1222,1562,2139,1721,304,49216
India,2009,58449,634222,58617,65811,43077,142325,6216,202133,63708,500924,19473,802659,58734,190547,177064,5323,1898640,165221,890411,236152,415534,59418,27243,6722675
India,2012,53433,707505,42686,66282,39520,101377,6023,218869,55026,480048,20471,761001,51001,198142,207229,4772,2119847,178139,958036,247920,422871,75330,30619,7046411
India,2013,52065,739345,32921,63122,39234,91805,6495,213635,53088,485209,20511,738243,47070,192867,218827,4617,2200623,185457,1013921,246916,425083,84796,34226,7190543
India,2015,45025,801613,50605,56352,38837,66792,6986,201060,44105,463048,20753,674059,37961,180206,235067,4298,2289079,195704,1065412,247930,427616,98764,37450,7289109
India,2010,56658,657124,60236,66156,42607,127159,6233,207140,62544,485952,19903,787963,55050,194573,178992,5147,1942316,166916,890151,240822,419021,62664,27110,6763249
India,2011,55021,684892,63142,66452,42195,113454,6219,213755,59857,480265,20485,791919,52412,198645,191360,5174,2033996,173423,925689,247592,426844,67634,28597,6949521
India,2014,48398,760977,45334,57974,38180,79395,6625,204750,47286,474853,20125,697780,42065,183993,226879,4379,2232102,188804,1047340,241427,418285,92895,36704,7197040
India,2016,40773,833843,34592,53423,39190,57316,7306,199234,41836,439965,21469,650963,33198,180170,242916,3908,2350151,201902,1078119,253011,434870,105315,38673,7342610
India,2017,35394,860385,29355,51599,39452,49562,7578,199807,40309,428527,22048,654727,29994,182499,250293,3783,2409773,207357,1103683,259348,446772,112741,40466,7465917
India,2018,35306,898606,34030,53720,40402,46433,8083,208562,41791,434310,22687,645030,28439,191822,263805,3932,2508204,216209,1147884,265438,457661,121785,43550,7717689
India,2019,34736,932587,33372,54046,40954,46298,8465,211975,41843,433661,23261,632345,26868,195336,273089,3945,2574410,222922,1168381,270037,464914,129011,45305,7867761
Indonesia,2009,9183,173532,3012,6946,2540,3095,479,40737,10075,51750,593,75605,18940,7691,70947,969,514806,35997,94419,81959,115272,18357,5649,1342568
Indonesia,2013,7915,193469,1480,6102,2367,4852,517,37777,7634,47309,611,66978,20669,7474,87432,985,573039,37624,95674,84230,119354,20365,6392,1430272
Indonesia,2015,6946,202962,979,5630,2311,5316,542,36868,6520,46032,617,64578,21526,7410,95843,975,603096,38126,96559,83201,119335,21485,6737,1473616
Indonesia,2016,6469,209282,1077,5393,2296,5340,549,36866,6132,45232,626,63106,21104,7454,99125,964,614602,39406,97605,84434,120717,22082,6970,1496853
Indonesia,2010,8637,177788,6125,6717,2458,3499,486,39308,9342,50122,596,72855,19607,7626,74734,979,527322,36670,95050,82784,116137,18800,5819,1363461
Indonesia,2011,8169,183379,6096,6520,2411,4032,502,38161,8622,48806,599,70271,20020,7631,79023,991,540490,37234,96427,84078,117524,19291,6032,1386329
Indonesia,2012,8085,188339,3871,6301,2392,4512,516,38001,8160,48017,606,68494,20320,7523,82939,974,558106,37317,96052,83990,118387,19831,6220,1408968
Indonesia,2014,7184,198139,2019,5878,2335,5164,524,37338,7012,46493,615,65593,21152,7399,91872,990,587184,37822,95111,84378,120212,20922,6564,1451920
Indonesia,2017,5401,215810,1287,5251,2288,5290,563,36958,5826,44727,636,62584,20946,7538,101261,954,626883,40286,98705,86215,123121,22729,7168,1522447
Indonesia,2018,5030,222732,725,5153,2274,5415,576,37046,5508,44453,646,60886,20607,7589,103844,948,639224,41234,99795,87438,124701,23591,7393,1546808
Indonesia,2019,4715,229524,637,5011,2261,5603,589,37004,5264,44317,653,59589,20348,7658,106333,940,651481,42131,100930,88670,126347,24381,7616,1572002
Iran,2009,874,44685,3,1464,2423,509,3713,27972,355,10137,208,1150,282,4753,8152,1195,138683,8905,13147,5692,9141,8405,1918,293863
Iran,2010,863,46722,1,1398,2520,566,3689,27212,359,10266,212,1115,280,4816,8671,1152,140466,9280,13549,5751,9326,8959,2027,299315
Iran,2011,849,48991,1,1307,2502,646,3551,26257,353,10285,216,1113,269,4802,9022,1094,141549,9604,13881,5877,9594,9493,2115,303389
Iran,2012,848,51230,0,1251,2531,718,3377,25356,342,10296,220,1096,261,4783,9646,1024,143509,9747,14236,5947,9822,10043,2195,308490
Iran,2013,847,53763,0,1201,2558,779,3135,24364,329,10349,224,1096,265,4771,10783,964,147346,10008,14757,5975,10062,10647,2319,316581
Iran,2014,703,56475,0,1103,2549,835,3022,23049,309,10259,228,1076,261,4729,11863,886,151443,10416,15217,6069,10311,11233,2440,324489
Iran,2015,674,59217,0,1012,2530,887,2904,21850,278,10214,232,1046,249,4676,12976,826,157398,11052,15706,6188,10560,11844,2582,334939
Iran,2016,628,61079,0,948,2461,945,2855,21158,252,10057,236,1011,243,4656,13660,795,161815,11502,15999,6303,10754,12391,2674,342434
Iran,2017,605,62872,0,917,2354,1011,2858,21108,236,10086,240,1000,236,4617,13912,786,166375,11820,16332,6476,10995,12908,2734,350517
Iran,2018,588,64696,0,890,2272,1085,2888,21084,225,10084,245,977,231,4474,14285,782,169009,12125,16503,6635,11203,13404,2777,356462
Iran,2019,577,66792,0,866,2209,1177,2918,21122,214,10219,250,962,230,4172,14738,778,173601,12546,16835,6832,11482,13910,2848,365278
Iraq,2009,893,14879,0,1068,4110,64,450,5537,548,4728,43,1848,239,1515,6366,133,60270,5581,2892,2291,3193,2263,528,122024
Iraq,2010,851,15789,0,1064,4375,68,470,5633,534,4439,44,1732,216,1626,6438,133,61448,5733,2859,2359,3270,2328,548,124031
Iraq,2011,810,16756,0,1033,4585,76,493,5749,517,4172,46,1543,195,1735,6572,133,62570,5870,2835,2414,3328,2412,568,126282
Iraq,2012,700,17908,0,1015,4818,81,510,5832,492,3937,47,1298,177,1841,6697,132,63548,5996,2802,2431,3335,2493,589,129365
Iraq,2013,666,19164,0,987,4903,84,525,5867,470,3765,48,1087,162,1961,6865,131,64463,6184,2780,2442,3338,2579,616,136128
Iraq,2014,642,20123,0,994,5014,85,539,5869,457,3633,50,949,149,1987,7174,133,65672,6430,2803,2436,3320,2676,643,145743
Iraq,2015,613,20714,0,957,4985,84,545,5930,437,3497,51,836,138,2015,7476,131,67627,6619,2847,2437,3313,2763,663,143563
Iraq,2016,585,21435,0,926,5025,83,552,5912,420,3391,52,752,127,2032,7823,130,69311,6824,2905,2459,3331,2872,688,149842
Iraq,2017,518,22210,0,903,5015,83,564,5928,402,3282,54,722,120,2064,8130,130,71411,7028,2978,2533,3421,2984,714,147670
Iraq,2018,464,23326,0,876,4893,84,581,5673,373,3212,55,668,111,2093,8660,128,75358,7440,3122,2630,3540,3119,771,147177
Iraq,2019,427,24413,0,827,4816,82,585,5603,352,3178,57,629,104,2075,9257,125,79952,7887,3292,2720,3656,3259,842,154138
Israel,2009,26,11751,0,47,192,38,50,626,7,1220,61,259,43,539,2328,8,10313,2057,1582,641,1660,1829,450,35728
Israel,2010,26,12037,0,48,197,31,47,615,8,1263,58,286,45,543,2266,8,10307,2138,1610,639,1684,1920,463,36243
Israel,2011,27,12314,0,46,195,41,45,599,5,1343,58,310,46,531,2284,8,10571,2238,1675,664,1755,2016,487,37279
Israel,2012,26,12499,0,46,174,45,43,583,9,1405,59,333,46,521,2279,8,10581,2308,1712,666,1780,2101,503,37741
Israel,2013,27,12688,0,47,173,46,46,580,13,1454,58,348,46,514,2277,8,10658,2359,1740,672,1804,2198,516,38274
Israel,2014,28,12855,0,47,170,38,46,572,11,1519,58,360,47,509,2281,8,10737,2413,1774,673,1822,2295,529,38841
Israel,2015,28,13222,0,47,180,46,49,593,8,1615,56,373,48,512,2345,8,11063,2514,1837,691,1879,2408,549,40091
Israel,2016,27,13386,0,48,165,40,51,596,9,1648,58,371,49,516,2353,7,11174,2530,1846,692,1896,2503,556,40537
Israel,2017,27,13700,0,47,175,38,55,600,10,1661,61,371,50,522,2439,8,11553,2586,1899,709,1944,2606,569,41633
Israel,2018,28,14212,0,47,180,38,59,616,9,1708,63,378,51,533,2558,8,12034,2690,1973,736,2015,2700,590,43226
Israel,2019,28,14627,0,47,184,37,63,610,9,1739,65,386,52,545,2647,8,12393,2765,2027,756,2067,2777,605,44437
Japan,2009,492,384511,0,7025,851,201,461,8466,67,96236,679,2762,1448,32006,7924,452,310058,36376,43555,25468,51074,110223,12128,1132463
Japan,2010,511,394137,0,7322,828,215,467,8224,61,99708,680,2921,1510,31483,8109,442,317823,37998,45153,25817,52573,117644,12788,1166414
Japan,2012,399,409993,0,7780,746,206,469,7701,57,104165,682,3213,1613,29611,8227,399,330433,39972,47896,26006,54970,129637,14040,1218215
Japan,2013,400,414556,0,7837,724,209,465,7390,52,105075,675,3274,1638,28632,8190,371,332417,40340,48711,25826,55545,135021,14484,1231832
Japan,2014,401,417643,0,7853,741,186,467,7122,45,105186,672,3303,1653,27577,8141,350,333175,40534,49376,25595,55957,140066,14836,1240879
Japan,2015,401,420328,0,7853,718,197,460,6898,50,106524,677,3352,1684,26434,8116,332,336271,40938,50295,25390,56534,146012,15145,1254609
Japan,2016,405,425630,0,7939,706,189,465,6768,45,108180,676,3453,1726,25559,8214,317,342935,41716,51589,25479,57565,151061,15570,1276206
Japan,2011,391,404601,0,7636,780,210,478,8010,57,102514,686,3084,1578,30864,8240,425,327390,39258,46860,26210,54250,124097,13527,1201146
Japan,2017,409,427813,0,7918,685,180,467,6660,43,108403,675,3495,1751,24733,8340,307,348546,42647,52917,25451,58209,155400,15878,1290927
Japan,2018,406,434600,0,7856,682,170,478,6778,41,114293,667,3581,1790,24817,8559,313,361221,43982,54301,25811,59443,160692,16306,1326787
Japan,2019,407,442474,0,7874,716,161,490,6841,40,118801,670,3670,1832,24773,8784,314,372483,45324,55794,26248,60801,164874,16750,1360121
Jordan,2009,53,2889,0,99,244,14,8,816,65,733,9,62,12,145,1210,51,6350,931,518,365,628,348,89,15639
Jordan,2014,68,3958,0,108,284,26,11,966,70,846,12,61,12,186,1459,49,8052,1277,593,449,768,504,125,19885
Jordan,2015,72,4234,0,111,297,27,12,1011,69,883,12,61,13,197,1521,49,8600,1375,630,479,822,546,136,21164
Jordan,2010,52,3066,0,94,245,16,8,811,65,744,9,60,12,148,1258,49,6618,1000,526,373,643,374,98,16270
Jordan,2011,57,3268,0,93,249,19,8,838,65,765,10,59,12,156,1305,48,6962,1064,539,388,668,402,106,17081
Jordan,2012,60,3483,0,97,263,22,9,885,67,784,10,59,12,168,1344,48,7263,1129,553,404,694,432,112,17899
Jordan,2013,64,3694,0,102,274,23,10,923,68,803,11,59,12,176,1386,48,7549,1188,562,420,719,465,116,18672
Jordan,2016,76,4557,0,119,314,27,13,1081,72,937,13,63,15,211,1628,52,9312,1474,680,517,887,596,149,22828
Jordan,2017,80,4891,0,125,325,27,14,1147,74,984,14,65,17,223,1750,56,10053,1574,731,556,952,650,161,24473
Jordan,2018,81,5268,0,127,340,27,16,1212,74,1016,16,66,17,242,1901,58,10926,1696,794,600,1028,707,177,26389
Jordan,2019,83,5643,0,129,352,27,17,1262,76,1054,17,68,18,260,2053,60,11798,1813,856,644,1102,767,192,28291
Kazakhstan,2009,221,20594,0,1204,2340,306,596,4029,105,3887,2353,133,116,5494,1322,645,77491,1340,5983,6345,8904,1775,560,145743
Kazakhstan,2010,209,20891,0,1189,2251,311,583,3970,83,3863,2245,118,123,5413,1390,628,77003,1375,6338,6832,9412,1810,579,146616
Kazakhstan,2011,203,20998,0,1123,2222,291,574,3873,69,3865,2126,104,130,5314,1467,604,75549,1427,6937,7357,9935,1845,600,146625
Kazakhstan,2012,191,21027,0,1098,2099,269,578,3792,62,3921,1992,91,133,5204,1596,589,73706,1513,7557,7703,10232,1868,620,145843
Kazakhstan,2013,181,20447,0,1053,1889,276,591,3625,62,4019,1787,80,126,5028,1688,560,71122,1626,7710,7361,9639,1930,639,141439
Kazakhstan,2014,170,20181,0,1014,1705,267,579,3402,57,4106,1677,72,123,4783,1841,536,68693,1697,8083,7181,9348,1993,653,138161
Kazakhstan,2015,157,20092,0,985,1741,290,585,3197,53,4235,1599,68,123,4579,2055,505,67080,1781,8644,7046,9162,2055,678,136710
Kazakhstan,2016,151,20350,0,935,1723,272,592,2997,54,4184,1599,65,126,4382,2355,481,65951,1817,9445,6913,9046,2130,715,136293
Kazakhstan,2017,144,20468,0,904,1546,270,581,2887,52,4289,1525,60,137,4272,2958,456,63040,1918,10962,6847,8979,2232,763,135290
Kazakhstan,2018,139,20896,0,897,1674,265,660,2758,54,4130,1626,60,125,4249,2664,462,65041,1887,10171,6767,8929,2263,750,136467
Kazakhstan,2019,136,21073,0,908,1752,261,749,2781,54,4013,1701,59,121,4275,2588,466,65391,1873,9772,6705,8896,2319,741,136634
Kuwait,2009,10,1076,0,22,35,4,13,519,6,417,6,7,1,97,279,18,3014,281,165,154,243,234,40,6641
Kuwait,2013,11,1152,0,20,25,2,17,498,5,541,7,6,1,105,242,16,2927,214,165,139,237,297,44,6671
Kuwait,2010,10,1026,0,20,31,3,13,471,4,418,6,6,1,92,249,16,2779,248,153,140,225,244,39,6194
Kuwait,2011,10,1039,0,19,25,2,14,462,5,446,6,6,1,93,240,15,2738,227,153,134,221,262,40,6158
Kuwait,2012,11,1106,0,20,24,3,17,492,3,498,7,6,1,103,247,16,2877,226,161,141,234,280,42,6515
Kuwait,2014,11,1203,0,20,31,2,18,507,6,580,7,6,1,108,244,17,2964,209,169,139,243,315,45,6845
Kuwait,2015,12,1255,0,21,34,3,19,523,3,577,8,6,1,113,261,17,3161,228,177,151,257,333,46,7234
Kuwait,2016,12,1347,0,21,36,3,20,537,3,603,9,6,1,118,283,17,3408,248,192,164,277,363,50,7719
Kuwait,2017,12,1439,0,22,38,3,21,551,3,622,9,6,1,123,306,18,3639,268,203,177,296,385,53,8195
Kuwait,2018,12,1545,0,22,40,3,22,564,3,643,10,6,1,128,335,18,3867,294,216,190,315,406,55,8695
Kuwait,2019,12,1653,0,23,42,3,23,583,3,668,10,6,1,135,365,19,4119,322,230,204,338,425,58,9242
Kyrgyzstan,2009,61,3499,1,312,393,131,96,1054,85,1155,388,180,13,650,258,93,18544,506,2075,2219,2551,576,130,34970
Kyrgyzstan,2010,56,3539,0,317,410,125,92,1064,82,1083,379,164,12,660,258,89,18139,489,1890,2231,2563,581,126,34349
Kyrgyzstan,2011,53,3626,0,308,378,146,85,1073,85,1010,370,153,12,659,263,86,17913,478,1723,2247,2577,593,121,33959
Kyrgyzstan,2012,52,3678,0,303,340,170,78,1082,81,977,360,147,11,656,264,84,17638,472,1598,2233,2562,603,117,33506
Kyrgyzstan,2013,52,3736,0,296,319,192,70,1093,69,966,353,142,10,639,273,81,17254,469,1489,2211,2537,625,114,32990
Kyrgyzstan,2014,54,3823,0,290,293,207,66,1081,77,927,354,139,8,632,285,79,17341,467,1462,2164,2492,650,115,33007
Kyrgyzstan,2015,54,3947,0,287,295,184,61,1061,71,880,354,129,9,612,294,78,17869,470,1466,2133,2462,669,119,33505
Kyrgyzstan,2016,41,3926,0,269,257,177,54,987,58,819,356,114,9,576,297,73,17342,454,1425,2030,2351,681,116,32413
Kyrgyzstan,2017,39,4020,0,263,247,175,55,972,59,780,364,104,8,574,310,72,17477,456,1434,2048,2374,689,116,32636
Kyrgyzstan,2018,38,4050,0,264,284,172,60,983,58,779,385,102,9,594,312,75,17290,472,1467,2090,2421,707,115,32727
Kyrgyzstan,2019,38,4150,0,265,297,170,63,987,57,772,403,94,9,600,322,77,17482,489,1513,2143,2482,723,115,33251
Laos,2009,375,3821,141,562,774,354,14,1226,479,5143,65,1972,363,430,1193,49,11104,1423,2467,1042,2194,371,109,35671
Laos,2010,349,3876,177,535,770,389,14,1201,449,4823,65,1855,334,425,1210,47,11205,1430,2452,1057,2202,385,112,35362
Laos,2011,325,3934,126,501,754,428,14,1177,425,4538,64,1748,307,420,1227,45,11281,1441,2438,1072,2211,398,114,34988
Laos,2012,305,4008,275,485,750,454,14,1152,396,4316,64,1659,286,415,1250,44,11418,1454,2435,1088,2222,411,117,35018
Laos,2013,240,4111,170,467,749,463,14,1150,383,4098,64,1573,268,420,1281,43,11624,1481,2444,1111,2248,426,120,34948
Laos,2014,221,4229,158,452,587,461,15,1154,373,3909,65,1485,251,428,1318,32,11845,1512,2461,1139,2283,443,124,34945
Laos,2015,207,4365,75,444,590,451,15,1130,361,3786,66,1415,238,434,1362,32,12123,1549,2493,1167,2320,460,129,35212
Laos,2016,195,4499,21,431,586,438,15,1129,351,3657,67,1334,226,440,1406,31,12390,1587,2520,1194,2355,477,133,35485
Laos,2017,180,4637,22,412,576,420,16,1118,339,3520,68,1271,213,442,1444,31,12709,1619,2555,1229,2406,495,138,35861
Laos,2018,171,4804,24,403,569,396,16,1111,327,3446,69,1192,206,439,1496,30,13096,1664,2606,1250,2432,513,144,36404
Laos,2019,162,4975,23,389,560,374,17,1096,315,3392,70,1117,201,430,1553,30,13523,1712,2663,1273,2464,529,151,37019
Lebanon,2009,39,5921,0,52,174,58,65,371,19,799,12,67,13,143,686,30,13590,924,1055,492,793,844,173,26337
Lebanon,2010,38,6105,0,52,176,60,68,376,19,818,12,66,14,146,710,30,13927,952,1071,501,808,884,181,27016
Lebanon,2011,39,6332,0,53,186,62,75,397,19,842,13,66,14,154,736,31,14393,980,1094,516,830,927,190,27950
Lebanon,2012,39,6547,0,56,262,63,83,426,20,864,13,66,14,166,757,33,14796,1002,1112,530,851,968,197,28874
Lebanon,2013,40,6740,0,59,353,62,92,449,21,882,14,65,15,175,779,34,15132,1027,1127,542,869,1009,203,29879
Lebanon,2014,40,6892,0,59,304,61,98,455,20,894,14,64,15,177,799,35,15416,1055,1140,551,883,1048,208,30362
Lebanon,2015,36,7016,0,59,346,61,103,445,20,894,14,63,15,177,815,35,15644,1083,1150,559,897,1088,212,30843
Lebanon,2016,35,7136,0,58,257,61,109,444,19,897,15,62,15,178,825,35,15843,1107,1159,568,912,1130,216,31106
Lebanon,2017,35,7254,0,57,443,61,115,442,18,901,15,62,15,178,834,35,16017,1129,1168,578,928,1173,219,31694
Lebanon,2018,34,7379,0,56,218,61,121,441,18,905,15,61,15,178,847,35,16168,1155,1176,587,944,1215,223,31852
Lebanon,2019,34,7493,0,55,216,61,127,441,17,910,15,61,15,176,859,35,16329,1180,1185,596,959,1255,226,32245
Malaysia,2010,272,21545,13,738,706,2145,92,6638,257,14516,149,1188,184,1347,2750,186,43711,4269,5686,3587,7839,2354,635,120807
Malaysia,2013,254,23242,8,686,645,2611,96,6422,231,17305,148,1095,182,1373,2516,174,44025,4424,5246,3691,7657,2672,678,125383
Malaysia,2014,268,24611,7,723,633,2622,102,6668,246,18556,153,1132,191,1447,2654,180,46359,4691,5518,3883,8015,2808,728,132196
Malaysia,2015,282,25722,5,752,619,2516,108,6840,249,19232,157,1169,200,1510,2820,185,48228,4895,5799,4033,8319,2951,768,137360
Malaysia,2016,279,27133,3,753,612,2340,116,7075,246,20107,162,1220,211,1596,3051,191,51106,5225,6259,4240,8807,3134,840,144712
Malaysia,2009,295,21279,18,773,714,2018,90,6653,272,13433,148,1044,187,1353,2921,188,43692,4116,5815,3475,7443,2335,612,118874
Malaysia,2011,267,22087,5,731,690,2358,94,6688,254,15740,149,1268,183,1365,2643,182,44186,4403,5632,3690,8092,2412,665,123784
Malaysia,2012,270,22923,5,734,674,2526,97,6703,247,17016,149,1152,187,1386,2594,181,44765,4451,5479,3700,7846,2558,686,126331
Malaysia,2017,282,28348,5,754,598,1939,123,7227,254,20555,167,1268,221,1661,3250,196,53286,5476,6603,4419,9205,3289,889,150019
Malaysia,2018,284,29603,5,755,586,1596,129,7314,255,20867,171,1298,227,1712,3467,199,55363,5719,6926,4573,9536,3468,936,154989
Malaysia,2019,291,31294,5,774,577,1521,138,7592,255,21711,176,1361,239,1803,3779,206,58824,6105,7473,4783,10072,3667,1019,163665
Maldives,2009,2,138,0,17,7,1,1,17,8,24,1,11,4,11,32,0,371,56,96,20,32,25,7,881
Maldives,2010,2,143,0,18,8,1,1,17,8,24,1,11,4,12,32,0,380,58,98,21,33,26,7,905
Maldives,2011,2,149,0,18,8,1,1,17,7,25,1,11,4,12,34,0,384,61,102,22,34,28,8,929
Maldives,2012,2,154,0,17,9,1,1,18,7,26,1,10,4,13,36,0,395,63,102,23,35,31,8,956
Maldives,2013,2,160,0,17,9,1,1,18,7,27,1,10,4,14,38,0,406,66,103,24,37,33,8,986
Maldives,2014,2,167,0,18,9,1,2,19,7,29,1,10,4,15,40,0,419,69,104,25,38,35,9,1023
Maldives,2015,2,173,0,18,10,1,2,19,7,30,1,11,4,16,42,0,430,72,104,26,40,37,9,1054
Maldives,2016,2,182,0,18,10,1,2,20,7,32,1,11,4,17,44,0,451,75,109,28,42,40,10,1106
Maldives,2017,2,192,0,19,10,1,2,21,7,33,1,11,5,18,46,0,474,79,113,29,45,42,10,1161
Maldives,2018,2,203,0,19,10,1,2,21,7,34,1,11,5,19,49,0,498,84,118,31,47,45,11,1218
Maldives,2019,2,214,0,20,10,1,2,22,7,35,1,11,5,20,52,0,522,89,123,33,49,48,11,1277
Mongolia,2009,32,4229,0,166,294,7,16,615,50,801,497,71,17,613,102,82,7769,304,388,1274,1722,131,38,19218
Mongolia,2010,30,4401,0,165,300,8,16,626,50,770,535,69,16,621,106,81,7891,305,386,1314,1769,134,38,19631
Mongolia,2011,29,4543,0,165,302,9,17,627,51,748,537,68,16,625,109,83,8023,312,389,1335,1795,142,40,19965
Mongolia,2012,29,4633,0,163,296,10,17,626,50,730,535,67,16,618,109,83,8009,315,385,1347,1808,148,40,20034
Mongolia,2013,29,4734,0,165,298,11,17,621,49,706,534,67,15,611,111,83,7973,317,379,1362,1826,156,40,20104
Mongolia,2014,28,4827,0,166,297,12,17,621,46,670,537,65,15,611,112,84,7903,320,373,1383,1848,163,39,20137
Mongolia,2015,26,4985,0,163,295,12,17,632,44,590,543,59,15,605,116,84,8060,328,376,1419,1887,172,40,20468
Mongolia,2016,25,5261,0,157,291,13,18,634,44,559,554,56,15,608,122,85,8571,346,400,1488,1975,189,45,21456
Mongolia,2017,25,5478,0,161,291,14,19,642,43,567,563,57,15,615,127,87,8922,359,415,1543,2046,199,47,22235
Mongolia,2018,24,5702,0,161,289,14,19,664,42,549,573,53,15,607,133,88,9299,373,431,1596,2110,212,49,23003
Mongolia,2019,24,5961,0,159,288,15,20,672,41,530,584,49,15,592,139,89,9806,391,453,1656,2185,225,53,23947
Myanmar,2009,3513,43614,11914,4278,767,16474,186,8034,1911,31004,394,12644,2123,2258,18131,1424,119782,10376,41529,18571,25082,4901,1344,380300
Myanmar,2010,3244,43756,11433,4072,762,16109,187,7732,1854,29136,387,11585,1990,2202,18278,1334,119762,10307,41273,18569,24865,5072,1370,375292
Myanmar,2011,3039,44331,8812,3895,758,15418,189,7592,1861,27715,386,10783,1887,2178,18591,1279,121071,10328,41466,18763,24922,5255,1401,371920
Myanmar,2012,2633,44636,9453,3641,877,14354,188,7264,1780,26232,380,9947,1784,2109,18832,1200,121857,10251,41504,18723,24704,5436,1431,369232
Myanmar,2013,2517,45665,5795,3598,806,13067,193,6995,1842,25305,381,9287,1707,2115,19336,1185,124067,10383,41818,18968,24850,5622,1465,366978
Myanmar,2014,2395,46697,2889,3450,771,11593,197,6937,1852,24448,381,8704,1637,2111,19844,1165,125861,10475,42173,19177,24971,5830,1503,365078
Myanmar,2015,2242,47791,1919,3378,773,9950,199,7086,1847,23602,382,8111,1567,2100,20443,1119,127955,10599,42535,19287,24983,6010,1545,365483
Myanmar,2016,1744,49178,975,3344,808,8294,203,7136,1845,22924,383,7740,1516,2116,21127,1116,130207,10759,43114,19419,25080,6200,1588,366889
Myanmar,2017,1500,50128,216,3261,756,6772,207,6483,1788,22385,385,7441,1463,2028,21585,1099,133165,11092,43004,19982,25593,6398,1631,368580
Myanmar,2018,1337,51238,271,3162,711,5605,212,5706,1726,21881,387,7005,1422,1943,22085,1071,135906,11436,42820,20371,25910,6597,1680,370482
Myanmar,2019,1246,52674,294,3052,704,4773,214,5739,1653,21453,388,6700,1386,1956,22619,1008,138139,11554,43284,20361,25895,6784,1726,373602
Nepal,2009,939,14455,32,1787,510,2253,24,2233,2246,13237,175,8195,2054,3078,1974,601,32632,3003,29614,6370,9132,1613,510,136687
Nepal,2010,868,15059,32,1722,512,2318,25,2288,2292,12380,180,7520,1894,3148,2107,587,33914,3200,30649,6510,9310,1695,538,138758
Nepal,2011,799,15766,0,1680,507,2369,27,2361,2329,11547,187,6998,1749,3233,2267,572,35537,3426,31987,6700,9559,1784,575,141975
Nepal,2012,749,16514,4,1631,512,2311,28,2428,2231,10868,194,6667,1639,3285,2438,561,37001,3672,33304,6887,9814,1871,613,145231
Nepal,2013,747,17293,8,1655,522,2204,29,2487,2156,10673,200,6552,1605,3306,2610,562,38551,3927,34563,7075,10081,1952,651,149412
Nepal,2014,711,18028,3,1509,527,2097,30,2531,2073,10239,205,6338,1525,3314,2775,549,39680,4191,35643,7230,10303,2032,687,152220
Nepal,2015,619,18805,7,1598,533,1968,32,2589,2029,9913,210,6173,1473,3364,2940,541,41124,4420,36850,7404,10543,2114,726,155975
Nepal,2016,563,19491,3,1570,540,1829,33,2629,1954,9552,215,6020,1425,3402,3088,531,42321,4615,37871,7540,10737,2195,761,158890
Nepal,2017,518,20175,1,1538,538,1703,34,2659,1872,9232,218,5992,1389,3426,3206,519,43710,4774,38874,7745,11035,2275,797,162234
Nepal,2018,484,20905,1,1493,536,1568,35,2691,1783,8898,223,5745,1326,3470,3343,506,45147,4946,39878,7841,11171,2362,837,165189
Nepal,2019,469,21609,1,1476,535,1434,36,2721,1714,8760,227,5627,1300,3528,3474,498,46501,5108,40800,7945,11323,2448,875,168409
North Korea,2010,357,36448,3,1853,871,361,269,8344,337,6952,354,452,452,2923,3694,455,88259,3872,28859,4762,8526,3311,1043,202757
North Korea,2011,345,36995,3,1722,868,372,275,8392,312,6920,359,431,446,2933,3754,457,90209,3934,29293,4832,8638,3479,1079,206048
North Korea,2012,299,37488,3,1762,862,365,282,8407,288,6892,363,409,441,2936,3805,456,91794,3992,29668,4893,8736,3658,1113,208912
North Korea,2013,276,37864,3,1704,862,399,288,8397,266,6854,366,387,435,2937,3839,454,93298,4040,29901,4930,8797,3834,1140,211271
North Korea,2014,265,38252,3,1551,866,488,296,8399,247,6839,369,371,432,2945,3874,454,94634,4087,30126,4967,8864,4029,1166,213524
North Korea,2015,255,38575,3,1508,864,583,303,8386,230,6820,371,352,429,2944,3898,451,96119,4125,30299,4983,8891,4228,1188,215805
North Korea,2016,247,39119,3,1493,858,658,311,8366,215,6845,374,338,430,2952,3944,450,97513,4179,30657,5034,8979,4472,1217,218654
North Korea,2009,371,35859,4,1796,881,354,263,8298,365,7001,349,476,461,2920,3625,455,86357,3801,28388,4691,8422,3155,1006,199298
North Korea,2017,238,39691,2,1426,847,708,320,8340,201,6886,377,326,433,2958,3978,448,99253,4223,31028,5106,9103,4719,1244,221855
North Korea,2018,230,40278,2,1388,836,740,329,8384,189,6935,381,305,437,2957,4022,446,100914,4269,31372,5134,9144,4964,1271,224927
North Korea,2019,223,40841,2,1352,827,761,338,8382,182,6998,384,289,443,2954,4066,445,102586,4318,31704,5171,9205,5208,1296,227975
Oman,2009,14,1079,0,113,22,63,11,1959,19,391,6,34,40,96,575,22,4534,156,245,240,305,142,52,10118
Oman,2015,16,1312,0,123,30,98,14,2080,17,452,8,37,43,113,714,24,5246,200,266,279,353,165,69,11659
Oman,2010,14,1112,0,114,23,71,11,2001,20,402,6,34,40,99,603,23,4698,165,248,244,309,147,54,10438
Oman,2011,15,1188,0,125,26,83,13,2197,19,416,7,35,41,112,641,25,4891,174,255,261,329,152,56,11061
Oman,2012,15,1255,0,129,30,93,15,2323,19,421,8,36,42,121,664,27,4979,179,258,278,348,157,57,11454
Oman,2013,15,1270,0,127,31,97,15,2243,18,435,8,37,42,118,675,26,5067,186,262,280,352,163,63,11530
Oman,2014,15,1273,0,123,30,97,14,2128,17,440,8,37,41,114,684,25,5087,192,261,275,348,165,66,11440
Oman,2016,16,1361,0,124,31,102,15,2100,17,464,8,38,44,115,742,24,5372,209,271,286,362,166,71,11938
Oman,2017,15,1387,0,122,31,105,16,2109,16,452,8,37,42,116,744,25,5372,209,267,289,365,164,68,11959
Oman,2018,14,1364,0,118,31,102,16,2067,15,419,8,36,39,116,711,24,5079,200,249,281,353,161,61,11464
Oman,2019,14,1368,0,115,30,98,17,2053,14,407,8,36,38,118,705,24,4998,199,244,279,350,163,60,11338
Pakistan,2009,25780,133173,4945,3325,13384,1043,762,15877,18007,80657,1665,99408,14369,13938,32859,2484,275938,33559,76536,37068,53403,8123,3209,950999
Pakistan,2012,20011,143873,9847,3347,13926,1775,822,16756,17444,77902,1774,95625,15033,14645,36807,2564,292618,36359,78053,38796,55573,8665,3427,988426
Pakistan,2014,20300,154842,3275,3581,12315,2418,863,18002,17559,77899,1897,90732,16120,15758,40172,2110,307223,39008,79506,40482,57615,9209,3642,1016941
Pakistan,2015,20247,159325,3922,3680,12516,2758,863,18341,17280,77245,1943,88656,16320,16121,41745,2141,313967,40165,80176,40981,58255,9488,3753,1031496
Pakistan,2016,20277,164509,4120,3707,12872,3072,866,18817,17144,76940,1999,86393,16908,16601,43530,2182,320769,41459,80844,41723,59261,9821,3871,1048798
Pakistan,2010,25486,136615,8828,3310,13706,1244,790,16171,17901,79711,1701,97611,14289,14138,34391,2500,281008,34575,76884,37671,54116,8288,3277,965910
Pakistan,2011,25279,139633,9551,3278,13772,1477,805,16381,17702,78627,1734,96761,14575,14355,35429,2505,286459,35323,77313,38202,54827,8456,3340,977460
Pakistan,2013,20160,149631,4013,3500,14225,2075,852,17400,17593,77903,1834,92577,15264,15219,38504,2649,300309,37657,78672,39779,56752,8920,3537,1001900
Pakistan,2017,19712,169459,5195,3667,13009,3402,859,19093,16851,74771,2050,85201,16934,16948,44724,2178,327940,42412,81619,42871,60809,10171,4000,1064951
Pakistan,2018,18475,174568,4242,3527,13250,3686,859,19142,16328,70042,2090,80264,15434,17246,46204,2121,334433,43348,82214,43375,61447,10564,4138,1066997
Pakistan,2019,17987,179773,4031,3478,13446,3949,867,19348,16162,68193,2142,77024,14631,17688,47693,2106,341108,44390,82758,44070,62351,10960,4273,1078428
Palestine,2009,54,1830,0,53,214,11,3,324,37,459,4,53,14,76,687,5,5153,627,391,271,401,232,62,10968
Palestine,2010,51,1921,0,49,236,11,3,311,34,442,4,52,13,74,742,5,5256,650,397,283,417,242,64,11257
Palestine,2011,42,2022,0,49,266,11,4,323,31,432,5,50,13,80,801,5,5342,657,403,295,432,252,66,11596
Palestine,2012,41,2083,0,55,316,12,4,363,30,429,5,47,13,92,817,5,5220,645,395,298,435,261,66,11644
Palestine,2013,37,2185,0,58,369,12,5,392,28,435,5,43,12,104,878,5,5278,633,401,307,446,272,68,11985
Palestine,2014,34,2345,0,55,429,12,6,368,24,455,6,41,12,109,1007,5,5647,640,430,320,467,286,75,12840
Palestine,2016,30,2575,0,49,360,13,6,382,22,484,6,35,12,111,1171,5,6162,617,453,333,488,308,84,13796
Palestine,2015,32,2489,0,52,388,12,6,379,22,474,6,37,12,108,1119,5,5972,630,450,328,479,298,81,13496
Palestine,2017,29,2670,0,47,328,13,7,373,22,486,6,33,12,112,1201,5,6339,610,459,339,498,315,87,14041
Palestine,2018,28,2777,0,47,316,13,7,376,21,493,6,32,12,117,1243,5,6511,627,473,347,508,320,90,14369
Palestine,2019,28,2907,0,48,307,14,8,391,20,500,7,31,12,124,1293,5,6710,649,488,359,522,326,92,14841
Philippines,2009,3210,56646,395,4832,14672,5516,200,9509,2048,50039,912,10882,3790,3406,18103,201,157518,23001,27871,11188,23143,7093,1652,435978
Philippines,2010,2928,58356,341,4729,14516,5192,204,9653,2023,50966,923,10349,3715,3489,18771,194,161854,24162,28388,11457,23406,7370,1708,444849
Philippines,2011,2846,60414,140,4751,14375,5499,210,9826,1986,52563,937,10136,3734,3577,19572,191,166853,25305,29112,11735,23790,7671,1780,457130
Philippines,2012,2902,63191,92,4889,14218,5373,221,10096,1970,54519,955,10035,3871,3683,20767,192,172643,26596,29877,12081,24332,7991,1873,472578
Philippines,2013,2726,65965,89,4885,14091,5298,234,10296,1973,55412,972,9590,3912,3786,22048,192,177293,27959,30228,12407,24768,8321,1955,484832
Philippines,2014,2653,68477,23,4886,14268,5241,248,10582,1950,56230,1000,9456,3938,3946,23285,192,182449,29284,30755,12675,25245,8611,2031,497897
Philippines,2015,2844,71673,46,4943,14694,5705,265,10515,1976,58162,1032,9407,3994,4138,24690,194,189416,30839,31541,13015,25882,8939,2133,516490
Philippines,2016,2496,74132,18,5006,15184,5434,278,10669,1953,58298,1054,9272,3886,4258,25551,196,193603,31698,32232,13333,26487,9299,2213,526965
Philippines,2017,2371,76389,41,4957,15521,5363,295,10828,1946,58702,1071,9078,3800,4393,26238,195,197124,32242,32555,13662,27035,9691,2277,536270
Philippines,2018,2176,78774,34,4845,15425,5292,311,10893,1898,58304,1088,8639,3681,4491,26962,193,200391,32766,32827,13949,27430,10056,2350,542775
Philippines,2019,2056,81321,46,4792,15570,5222,325,10945,1859,58413,1105,8392,3611,4569,27680,191,204311,33358,33229,14287,27945,10473,2429,552129
Qatar,2009,4,434,0,34,18,4,4,559,7,50,4,4,1,97,233,6,720,80,42,106,133,19,11,2570
Qatar,2010,5,467,0,36,20,4,4,597,8,53,4,4,1,108,239,6,739,83,44,112,140,20,11,2705
Qatar,2011,5,495,0,37,22,5,5,621,7,56,4,4,1,113,243,7,753,86,45,118,147,22,12,2808
Qatar,2012,5,527,0,38,23,5,5,638,7,58,5,5,1,117,247,7,782,89,47,123,154,24,12,2919
Qatar,2013,5,561,0,38,24,5,6,663,7,61,5,5,1,122,258,7,820,94,49,128,161,26,13,3059
Qatar,2014,5,598,0,38,25,4,6,665,7,64,5,5,1,125,269,7,859,100,52,135,170,28,14,3182
Qatar,2015,5,626,0,37,25,4,6,660,8,64,5,5,1,125,267,7,895,102,54,140,177,29,15,3257
Qatar,2016,5,665,0,37,24,4,6,669,6,65,5,5,1,126,274,7,926,107,56,147,185,31,15,3366
Qatar,2017,5,707,0,37,24,4,7,688,6,66,5,5,1,125,289,7,973,113,58,155,194,34,16,3519
Qatar,2018,5,767,0,37,26,4,7,706,6,68,6,5,1,128,316,7,1045,123,62,165,207,37,17,3745
Qatar,2019,5,831,0,38,27,4,8,737,6,70,6,6,1,131,345,7,1121,133,66,177,221,41,19,4000
Russia,2009,1820,294210,0,11896,33142,13357,10686,32789,411,42087,36302,511,453,54325,9991,9146,1156917,9920,40051,52671,93923,33526,8416,1946691
Russia,2010,1803,302621,0,11690,31777,14256,10443,32083,356,42266,33886,495,442,53740,10730,8825,1161661,10217,40315,54680,97573,34885,8709,1963684
Russia,2011,1711,291108,0,10260,28830,15609,9485,29669,331,39784,30734,491,402,49407,10986,7929,1087537,9913,38552,51591,93425,36275,8559,1852748
Russia,2012,1714,290925,0,9649,27111,15936,9125,28647,286,39050,28955,514,396,47740,12132,7470,1062214,10122,38402,50989,93597,37893,8735,1821763
Russia,2013,1661,291381,0,9098,26158,17136,8806,27036,271,38388,28007,502,399,46665,13741,7027,1037827,10375,38560,50979,94585,39475,8865,1797090
Russia,2014,1578,300031,0,8945,25463,18703,8538,26600,268,38711,28222,502,432,47121,16362,6884,1044400,10987,39953,53252,99066,41422,9157,1826664
Russia,2015,1466,301973,0,8172,24223,20968,7565,24602,243,36860,27643,475,456,44710,18584,6454,1028256,11351,40186,52409,98930,42768,9276,1807591
Russia,2016,1375,301809,0,7619,22308,23272,6832,22565,225,35326,27287,457,495,42575,20293,6118,1016533,11677,40040,50811,97536,44217,9371,1788805
Russia,2017,1235,291341,0,6884,20474,20506,6155,20767,193,32515,26754,431,483,39829,20605,5672,977433,11500,38540,47209,92509,45575,9228,1715899
Russia,2018,1180,291691,0,7038,21896,19549,6032,20961,207,32667,27719,427,459,39780,19153,5753,986406,11455,38653,46253,90836,47040,9260,1724415
Russia,2019,1143,296822,0,7086,22285,18682,5877,20867,206,32972,28460,423,455,39040,18746,5805,1004931,11652,39390,46102,90887,48437,9390,1749658
Saudi Arabia,2009,169,8663,0,644,286,487,115,16051,299,4036,71,384,70,984,2176,191,37703,5381,3184,2922,3812,1295,471,89399
Saudi Arabia,2010,173,8995,0,683,321,510,112,17029,302,4151,71,368,70,1118,2206,201,38274,5537,3258,2947,3843,1329,479,91977
Saudi Arabia,2011,170,9213,0,705,345,537,94,17698,296,4178,71,356,68,1294,2208,212,38295,5614,3299,2974,3872,1360,482,93344
Saudi Arabia,2012,171,9504,0,718,368,561,95,18338,289,4192,73,351,67,1410,2215,219,38504,5645,3312,3031,3942,1393,487,94889
Saudi Arabia,2013,172,9921,0,717,383,583,114,18683,285,4247,78,341,66,1464,2294,224,39159,5752,3354,3117,4045,1434,495,96929
Saudi Arabia,2014,173,10392,0,720,401,604,128,19183,280,4310,82,337,66,1527,2393,228,39738,5921,3405,3210,4159,1480,505,99262
Saudi Arabia,2015,171,10814,0,719,407,622,140,19526,271,4342,85,331,65,1574,2476,231,41019,6052,3431,3276,4233,1507,509,102014
Saudi Arabia,2016,174,11345,1,722,409,639,155,20009,265,4422,90,330,65,1624,2588,236,41765,6250,3491,3388,4367,1551,520,104568
Saudi Arabia,2017,176,11873,1,723,409,656,170,20491,256,4501,94,328,65,1672,2692,240,42897,6423,3552,3499,4499,1597,529,107374
Saudi Arabia,2018,177,12464,1,724,407,673,185,20937,249,4592,99,328,65,1729,2833,244,44248,6658,3628,3624,4648,1650,544,110707
Saudi Arabia,2019,180,13104,1,724,403,683,201,21316,245,4699,104,330,66,1791,2989,246,45837,6930,3723,3763,4819,1707,562,114423
Singapore,2009,8,5040,0,23,30,47,10,219,2,2214,10,19,1,471,293,4,5465,431,581,194,435,737,140,16374
Singapore,2014,5,5929,0,19,22,52,14,192,2,2814,12,29,1,464,155,3,5855,631,610,225,505,1063,185,18787
Singapore,2015,5,6073,0,19,22,36,15,186,2,2929,12,31,1,460,148,3,5963,663,621,230,517,1141,193,19270
Singapore,2016,5,6232,0,19,25,32,15,180,2,3045,12,33,1,459,147,3,6089,692,637,235,532,1217,204,19816
Singapore,2010,7,5220,0,22,33,38,11,210,2,2319,10,21,1,465,250,3,5523,468,587,201,450,781,148,16770
Singapore,2011,7,5401,0,21,29,22,12,206,3,2412,10,23,1,464,224,3,5536,507,585,208,461,833,155,17123
Singapore,2012,6,5651,0,21,22,43,13,205,2,2550,11,24,1,476,185,3,5674,565,596,214,477,902,165,17806
Singapore,2013,5,5792,0,20,22,49,13,198,1,2687,11,27,1,470,166,3,5747,602,599,219,490,980,174,18276
Singapore,2017,4,6378,0,17,26,37,15,172,1,3166,12,34,2,445,149,3,6225,717,657,237,544,1293,213,20347
Singapore,2018,5,6697,0,17,24,36,15,170,2,3331,13,35,2,452,166,3,6534,734,709,245,569,1383,226,21368
Singapore,2019,5,7001,0,17,25,36,16,168,2,3471,13,36,2,464,179,3,6810,758,750,253,592,1477,237,22315
South Korea,2009,82,79319,3,831,1073,124,97,7562,70,7338,948,574,207,15720,11948,241,60867,5165,11645,9340,14022,10586,2087,239849
South Korea,2010,82,81484,3,809,1014,149,97,7402,69,8329,935,616,207,16061,11939,237,61041,5404,11733,9279,14147,11276,2269,244582
South Korea,2011,83,83001,3,783,949,153,96,7170,63,9429,922,662,211,15967,11944,229,61418,5645,11867,9188,14247,11972,2466,248468
South Korea,2012,86,85025,3,766,891,156,99,6981,57,10646,916,708,219,15705,12020,229,62289,5944,12135,9137,14406,12696,2698,253812
South Korea,2013,74,86168,2,742,843,146,101,6758,52,11568,917,743,224,15392,11777,214,62210,6131,12120,9070,14457,13286,2862,255857
South Korea,2014,65,87532,2,698,796,152,102,6563,48,12302,920,779,231,14978,11559,205,62372,6346,12260,9047,14589,13947,3017,258510
South Korea,2015,67,89310,2,670,761,128,105,6393,46,13250,924,818,246,14501,11449,197,63793,6642,12624,9073,14826,14730,3173,263728
South Korea,2016,71,91399,2,705,737,140,109,6293,43,13960,933,858,261,14189,11372,193,65446,6976,13045,9178,15148,15620,3304,269982
South Korea,2017,73,95571,2,660,738,140,108,6464,41,14692,955,906,280,14301,11839,199,69427,7306,13919,9579,15917,16679,3463,283259
South Korea,2018,75,99368,2,675,741,139,114,6655,40,15066,974,945,297,14431,12262,204,72918,7601,14561,9930,16576,17569,3575,294718
South Korea,2019,77,104176,2,691,746,138,119,6882,38,15635,997,991,318,14575,12862,212,77481,7979,15506,10356,17385,18451,3730,309347
Sri Lanka,2009,360,14688,0,983,881,67,119,3327,156,4092,397,1226,180,4384,10280,72,41249,4582,12916,4215,5137,2779,644,112935
Sri Lanka,2010,359,15052,0,930,789,67,110,3195,149,4133,374,1181,172,4112,10668,64,41638,4625,12980,4078,5004,2872,661,113215
Sri Lanka,2011,345,15694,0,952,768,71,116,3274,143,4292,369,1143,172,4209,11305,65,42725,4786,13327,4153,5086,2974,690,116659
Sri Lanka,2012,327,16154,0,942,730,72,113,3225,124,4384,350,1109,171,4111,11818,63,43078,4863,13542,4125,5058,3078,717,118154
Sri Lanka,2013,305,16487,0,904,699,70,107,3085,119,4416,319,1082,169,3936,12291,60,42539,4873,13566,4035,4958,3202,733,117955
Sri Lanka,2014,306,16939,0,906,694,65,111,3108,114,4521,335,1057,168,4002,12528,60,43726,5009,13635,4092,5022,3328,761,120490
Sri Lanka,2015,300,17140,0,918,708,59,117,3164,114,4500,346,1034,163,4153,12499,61,43675,5042,13376,4110,5037,3451,766,120736
Sri Lanka,2016,299,17592,0,915,723,54,121,3210,111,4570,362,1025,163,4265,12812,62,44323,5207,13476,4183,5123,3623,794,123013
Sri Lanka,2017,298,17984,0,919,732,47,124,3227,106,4629,374,1027,162,4329,12963,62,45150,5325,13559,4282,5242,3790,817,125149
Sri Lanka,2018,295,18197,0,932,758,41,130,3283,108,4602,384,1014,160,4433,12920,64,45162,5377,13348,4291,5251,3950,822,125522
Sri Lanka,2019,297,18724,0,928,768,38,134,3309,104,4699,398,1019,163,4425,13273,64,46577,5560,13597,4369,5350,4141,858,128795
Syria,2009,337,7250,0,213,439,24,153,2240,104,2848,66,197,121,406,1336,101,35856,2068,2920,1689,2178,1163,325,62034
Syria,2010,346,7625,0,221,453,23,121,2294,91,3015,62,190,113,415,1400,97,36958,2103,2882,1853,2352,1231,351,64196
Syria,2011,353,7828,0,215,405,22,136,2259,86,3113,62,182,118,398,1460,99,38157,2195,2957,1878,2391,1287,370,66134
Syria,2012,338,7910,0,197,356,22,134,2094,79,3028,61,167,116,364,1497,94,38753,2240,2963,1886,2402,1334,377,67289
Syria,2013,314,8002,0,181,316,21,132,1972,71,2900,60,151,111,338,1553,90,39821,2316,3001,1898,2423,1383,391,69013
Syria,2014,296,8054,0,170,294,19,132,1891,71,2760,59,141,106,322,1594,86,40377,2369,3006,1896,2424,1394,395,71168
Syria,2015,275,8046,0,158,281,17,131,1824,65,2573,59,131,100,311,1610,81,40295,2382,2966,1876,2399,1370,385,71259
Syria,2016,257,8168,0,151,278,15,135,1794,57,2463,59,124,97,305,1661,78,41409,2441,3014,1899,2430,1408,394,71447
Syria,2017,241,8363,0,144,310,13,140,1789,53,2385,59,119,97,303,1727,76,43031,2521,3098,1941,2486,1479,410,72811
Syria,2018,221,8571,0,140,287,13,146,1873,51,2321,60,117,93,309,1788,75,44400,2593,3175,1982,2542,1539,423,72719
Syria,2019,214,8784,0,137,300,14,153,1901,50,2284,61,117,92,320,1844,74,45682,2661,3249,2024,2596,1592,434,74583
Taiwan,2009,106,43589,0,592,503,175,275,4133,20,8859,298,73,107,4548,8892,92,31630,5497,7291,6597,10126,5515,1389,140307
Taiwan,2010,102,44851,0,550,395,156,277,4023,17,9358,332,84,108,4422,8750,85,32055,5703,7472,6524,10066,5831,1451,142612
Taiwan,2011,103,47452,0,551,335,225,296,4094,20,10126,370,101,112,4458,9032,81,33768,6097,7976,6737,10400,6165,1551,150050
Taiwan,2012,98,48236,0,531,348,200,310,3953,27,10430,394,112,111,4333,9020,79,34168,6274,8111,6584,10242,6462,1603,151626
Taiwan,2013,97,48769,0,500,333,176,327,3783,24,10631,417,118,107,4152,8962,74,34414,6408,8162,6416,10059,6744,1638,152311
Taiwan,2014,100,50916,0,496,334,177,362,3798,21,11384,440,130,109,4184,9350,74,36171,6824,8586,6557,10355,7122,1746,159236
Taiwan,2015,100,51068,0,484,309,167,389,3694,27,11717,451,136,106,4083,9334,70,36370,6938,8711,6420,10255,7457,1779,160065
Taiwan,2016,101,53194,0,494,296,209,422,3762,27,12544,458,143,114,4191,9866,72,38294,7425,9178,6660,10680,7826,1882,167838
Taiwan,2017,103,54237,0,499,329,183,450,3812,21,12726,437,137,120,4231,10369,75,39297,7685,9498,6901,11089,8121,1940,172260
Taiwan,2018,104,55455,0,506,339,176,487,3872,20,12776,427,133,122,4282,10809,77,39936,7924,9642,7092,11397,8385,1979,175940
Taiwan,2019,105,56953,0,508,343,171,518,3905,19,13067,415,131,126,4299,11324,78,41061,8248,9969,7287,11756,8755,2050,181088
Tajikistan,2009,283,4131,0,712,153,121,22,530,58,4074,183,1267,99,325,869,81,19459,227,1610,1609,2079,464,209,38565
Tajikistan,2010,255,4269,0,701,163,120,22,547,58,3985,178,1210,82,342,948,74,20311,247,1651,1675,2144,471,222,39679
Tajikistan,2011,230,4401,0,689,169,115,22,568,58,3919,172,1144,69,359,1034,67,20866,267,1661,1736,2200,481,230,40457
Tajikistan,2012,204,4477,0,667,176,107,22,582,56,3849,164,1100,56,374,1118,59,20958,289,1651,1786,2246,478,233,40655
Tajikistan,2013,177,4512,0,639,187,103,21,584,54,3762,153,1057,45,382,1194,51,20832,311,1625,1820,2270,476,231,40486
Tajikistan,2014,156,4642,0,619,194,101,21,600,52,3721,144,1016,37,398,1315,45,21285,342,1638,1885,2335,475,236,41258
Tajikistan,2015,137,4796,0,613,203,90,20,640,51,3640,135,926,30,416,1452,39,21852,377,1654,1956,2404,469,241,42153
Tajikistan,2016,117,4997,0,603,211,73,19,667,50,3538,126,877,23,443,1631,33,22500,425,1683,2052,2499,467,247,43283
Tajikistan,2017,123,5154,0,609,218,63,21,677,53,3473,134,867,25,446,1649,37,22601,416,1701,2099,2557,454,242,43620
Tajikistan,2018,123,5227,0,612,226,60,23,689,54,3346,141,840,25,453,1639,39,21923,407,1665,2135,2595,447,225,42894
Tajikistan,2019,125,5368,0,621,234,60,24,705,55,3279,147,820,25,464,1655,41,21856,405,1669,2188,2657,446,217,43061
Thailand,2009,1125,85440,124,5290,5266,16590,347,20110,459,17524,616,5128,738,7039,12370,219,86890,18294,21705,15293,25136,12485,2605,361063
Thailand,2010,1102,88792,131,5255,5154,16261,341,20167,438,18926,619,5190,745,7029,12761,213,89053,19223,21913,15863,26117,13132,2752,371331
Thailand,2011,1068,91007,99,5146,5100,16044,339,19972,409,20005,616,5214,734,6924,13018,205,89282,19926,21719,16249,26774,13732,2823,376557
Thailand,2012,1049,92723,70,5009,5127,16875,341,19786,398,21162,614,5251,740,6845,13451,199,89655,20412,21176,16649,27296,14401,2891,382329
Thailand,2013,1012,93810,81,4819,5050,19269,340,19174,364,22577,606,5322,765,6650,14081,191,90755,20993,20618,16968,27722,15192,2995,389609
Thailand,2014,1016,96260,68,4654,4164,20839,349,19246,352,24439,611,5478,794,6689,15059,151,93587,21975,20590,17545,28538,16083,3145,401824
Thailand,2015,1021,99068,7,4613,4167,21103,368,19379,322,26340,615,5664,824,6806,16137,153,96931,23039,20642,18077,29328,17050,3321,415091
Thailand,2016,1048,103557,6,4744,4165,20543,398,19839,316,28256,629,5849,865,7025,17385,157,102483,24491,21412,18827,30538,18144,3543,434340
Thailand,2017,1038,107299,2,4643,4118,19544,425,19726,297,29292,631,6014,909,7090,18017,156,106585,25365,22241,19105,31254,19228,3714,446765
Thailand,2018,1040,111493,2,4587,4097,18405,459,19589,288,30336,631,6110,953,7149,18847,156,111404,26453,23139,19343,31943,20380,3912,460716
Thailand,2019,1037,115544,1,4519,4035,17215,486,19541,282,31037,634,6211,992,7107,19570,155,115830,27446,23925,19603,32635,21553,4082,473440
Timor,2009,36,525,320,58,23,247,1,100,66,556,5,254,86,37,117,3,1477,148,343,149,312,61,18,4942
Timor,2010,35,561,310,59,24,252,1,103,62,549,5,250,79,38,126,3,1591,159,364,155,326,66,19,5137
Timor,2011,35,611,118,62,27,256,1,116,67,556,5,248,76,45,137,4,1724,172,387,167,348,71,21,5254
Timor,2012,33,652,14,66,29,261,1,127,68,565,6,247,74,49,146,4,1833,182,407,176,364,75,22,5401
Timor,2013,32,683,2,66,30,265,1,131,66,565,6,239,71,51,153,4,1932,190,424,181,373,79,24,5568
Timor,2014,32,707,1,67,31,266,1,137,64,572,6,234,69,54,160,4,2025,198,438,186,382,83,25,5742
Timor,2015,32,740,0,68,32,264,1,143,63,586,6,230,67,56,169,4,2143,207,460,190,392,87,27,5967
Timor,2016,33,765,0,70,34,263,2,148,60,598,6,233,66,58,175,4,2226,214,475,195,402,91,28,6146
Timor,2017,32,786,0,69,35,256,2,151,61,595,7,235,64,60,181,4,2315,221,491,201,414,95,29,6304
Timor,2018,31,807,0,69,36,247,2,155,61,598,7,235,65,61,186,4,2395,227,505,206,423,99,30,6449
Timor,2019,31,824,0,69,37,238,2,159,62,601,7,235,65,63,191,4,2459,233,516,210,431,102,31,6570
Turkey,2009,464,79101,0,576,1658,89,150,6135,269,8572,170,958,606,2262,18957,339,148284,13943,28215,6243,11860,14541,2857,346267
Turkey,2010,452,83964,0,586,1661,112,151,6525,257,8839,172,889,627,2291,19583,344,151565,14439,29141,6325,11987,15007,3017,357947
Turkey,2011,427,87607,0,575,1590,139,163,6702,246,9234,174,846,681,2256,19465,355,153923,15048,30291,6414,12190,15455,3151,366957
Turkey,2012,410,89838,0,611,1600,162,180,6962,255,9895,179,818,757,2273,18908,375,156816,15639,30811,6448,12341,15889,3247,374661
Turkey,2013,401,92577,0,686,1637,178,217,7430,288,11008,192,804,874,2348,18668,415,162746,16310,31653,6557,12637,16387,3381,387477
Turkey,2014,397,95217,0,752,1644,189,269,7815,315,12193,207,786,959,2417,18494,460,166683,16884,32318,6688,12908,16855,3467,397956
Turkey,2015,386,96409,0,766,1599,198,298,7911,325,13117,220,763,1007,2423,18263,468,167148,17206,32185,6762,13028,17371,3488,401831
Turkey,2016,381,98216,0,784,1613,204,342,8007,329,14125,231,755,1066,2461,18491,478,170322,17785,32605,6908,13322,18150,3599,411180
Turkey,2017,372,100727,0,759,1606,210,337,7992,318,14721,235,747,1077,2500,18954,474,173393,18367,33021,7085,13641,18937,3721,419416
Turkey,2018,359,102336,0,722,1614,216,340,7857,299,14748,238,738,1054,2521,19159,462,173727,18665,32718,7192,13831,19393,3743,421932
Turkey,2019,351,104816,0,694,1605,226,345,7749,284,14868,240,732,1043,2585,19699,453,176663,19193,32981,7349,14116,19721,3838,429551
Turkmenistan,2009,86,2617,0,195,194,147,45,373,61,1949,218,192,15,450,494,45,14489,538,377,1731,2045,380,73,26714
Turkmenistan,2010,79,2654,0,176,214,147,43,345,59,1822,192,166,14,430,491,42,14141,537,350,1733,2044,396,73,26148
Turkmenistan,2011,74,2787,0,157,222,126,44,326,63,1761,176,143,14,430,520,42,14609,557,349,1856,2175,415,78,26924
Turkmenistan,2012,66,2903,0,146,206,114,45,306,65,1685,164,118,13,428,547,40,14950,573,347,1965,2291,434,81,27487
Turkmenistan,2013,64,3049,0,138,232,111,45,295,66,1634,156,103,13,435,586,39,15562,602,356,2121,2461,454,85,28607
Turkmenistan,2014,60,3193,0,134,216,114,48,285,66,1571,151,88,12,440,636,39,16113,618,365,2269,2621,474,90,29606
Turkmenistan,2015,58,3293,0,133,207,111,50,279,64,1504,153,83,11,443,674,39,16630,620,375,2352,2703,498,94,30374
Turkmenistan,2016,57,3369,0,133,219,110,55,285,62,1444,162,82,11,444,690,39,17002,652,394,2343,2698,518,98,30867
Turkmenistan,2017,55,3444,0,131,215,109,59,284,60,1383,168,81,11,444,708,38,17309,668,409,2351,2709,538,100,31274
Turkmenistan,2018,54,3551,0,130,214,107,62,284,56,1333,174,78,11,442,737,38,17971,692,429,2370,2734,562,105,32134
Turkmenistan,2019,52,3636,0,129,214,105,66,284,55,1284,180,75,11,440,759,37,18323,712,442,2381,2749,582,108,32624
United Arab Emirates,2009,42,2338,0,157,145,86,510,3242,8,369,45,37,6,516,591,32,3870,702,918,210,325,54,42,14245
United Arab Emirates,2011,45,2755,0,158,134,107,594,3435,8,398,52,40,6,562,683,36,4539,813,1060,250,382,62,48,16167
United Arab Emirates,2012,45,2992,0,158,127,117,629,3507,8,415,55,42,6,580,736,37,4950,870,1136,273,416,67,52,17218
United Arab Emirates,2014,49,3528,0,164,115,136,705,3543,12,425,63,46,7,636,791,40,5590,967,1295,321,481,80,54,19049
United Arab Emirates,2015,50,3853,0,166,109,145,729,3593,12,453,66,48,7,645,873,40,6138,1046,1387,351,524,89,60,20384
United Arab Emirates,2010,44,2536,0,159,142,96,554,3348,8,383,48,39,6,541,635,34,4185,760,988,228,352,58,45,15189
United Arab Emirates,2013,47,3274,0,162,121,126,672,3453,9,429,59,44,6,610,784,39,5358,933,1226,301,455,73,55,18236
United Arab Emirates,2016,51,4209,0,169,102,154,752,3649,12,486,69,51,7,648,962,40,6696,1128,1483,386,573,99,66,21792
United Arab Emirates,2017,52,4592,0,171,96,161,771,3709,12,521,72,54,7,648,1068,41,7314,1223,1582,424,624,111,74,23327
United Arab Emirates,2018,53,5017,0,172,91,163,790,3769,12,558,74,57,7,655,1190,41,7947,1325,1678,464,678,124,82,24947
United Arab Emirates,2019,54,5473,0,174,87,160,805,3833,12,599,76,60,7,664,1325,42,8621,1433,1778,506,734,138,90,26671
Uzbekistan,2009,306,16481,0,1799,872,510,173,4695,266,14484,172,249,50,2900,5322,337,101045,4373,3553,10634,12391,1035,503,182153
Uzbekistan,2010,280,16676,0,1759,873,544,167,4604,208,14113,144,242,46,2957,5521,333,101550,4102,3360,10593,12317,1026,509,181924
Uzbekistan,2011,264,17371,0,1721,819,558,165,4684,243,13892,137,234,45,3125,5893,342,104111,4002,3340,10880,12625,1018,522,185991
Uzbekistan,2012,251,18088,0,1742,885,557,162,4699,204,13583,131,222,45,3335,6331,360,105856,3761,3343,11213,12985,1013,530,189296
Uzbekistan,2013,240,18623,0,1728,893,523,159,4696,220,13157,126,203,47,3473,6616,367,105614,3447,3390,11338,13119,1012,530,189521
Uzbekistan,2014,229,19374,0,1697,814,595,156,4619,227,12754,124,188,48,3616,6985,371,105795,3423,3414,11597,13420,1015,533,190994
Uzbekistan,2015,184,20098,0,1711,909,593,157,4993,232,12435,120,184,41,3743,7329,366,106219,3426,3423,11866,13722,1020,539,193310
Uzbekistan,2016,175,20851,0,1726,988,587,159,4963,233,12053,124,182,41,3869,7598,371,106364,3668,3492,12166,14053,1033,542,195238
Uzbekistan,2017,177,21321,0,1665,942,589,171,4943,234,11568,137,173,41,3822,7776,368,106915,3747,3636,12474,14389,1055,545,196688
Uzbekistan,2018,176,21879,0,1624,953,588,179,4915,229,11155,147,166,41,3800,8003,366,107628,3860,3752,12770,14719,1084,547,198581
Uzbekistan,2019,175,22338,0,1597,974,585,188,4929,228,10787,156,161,41,3793,8154,368,107394,3971,3837,13042,15019,1119,544,199400
Vietnam,2009,1155,80447,432,6157,1612,6728,708,25436,356,21607,743,2279,1418,6969,19625,1108,202621,12926,32102,16044,22443,13733,3243,479892
Vietnam,2011,987,85955,299,6051,1563,7583,777,26173,334,21788,782,2062,1334,7141,21179,1096,211557,14284,32596,17182,23715,14875,3484,502797
Vietnam,2014,890,95150,176,6135,1333,7333,933,25386,300,21646,869,1846,1158,7621,24185,908,222872,16987,33943,19661,26579,16671,3818,536400
Vietnam,2015,870,98218,84,6222,1335,7271,983,25154,286,21572,897,1806,1093,7744,25168,918,225569,17872,34289,20463,27510,17223,3902,546449
Vietnam,2016,839,101684,45,6235,1328,7049,1038,24911,271,21492,928,1774,1029,7878,26317,925,228957,18835,34806,21346,28557,17827,3998,558069
Vietnam,2010,1027,83110,398,6101,1589,6848,740,25950,347,21740,762,2164,1379,7051,20263,1097,207097,13517,32201,16562,23012,14283,3362,490600
Vietnam,2012,954,88853,298,6085,1574,7687,824,26227,321,21788,808,1970,1280,7273,22128,1100,215500,15118,33006,17903,24543,15479,3604,514323
Vietnam,2013,987,91901,217,6076,1582,7502,880,25443,311,21982,839,1888,1221,7442,23104,1113,219272,16026,33414,18747,25506,16048,3710,525211
Vietnam,2017,809,105181,68,6206,1309,6761,1088,24648,256,21460,955,1759,966,7997,27285,930,232646,19713,35312,22272,29680,18405,4084,569790
Vietnam,2018,778,108902,61,6167,1289,6499,1136,24401,244,21408,979,1712,960,8072,28358,933,236471,20621,35785,22975,30515,18959,4177,581402
Vietnam,2019,747,112564,59,6098,1267,6399,1176,24153,234,21345,1000,1672,954,8114,29391,935,240161,21485,36229,23637,31306,19460,4259,592645
Yemen,2009,698,8910,2859,911,658,257,150,10144,2001,7772,58,11514,1670,1175,1163,432,39807,1896,4422,2394,4113,1182,279,104512
Yemen,2010,675,9075,4394,868,656,261,150,9802,1814,7458,57,10538,1545,1130,1197,417,40277,1931,4438,2396,4118,1228,289,105059
Yemen,2011,537,9437,4057,858,649,262,161,9969,1813,7147,59,9849,1463,1171,1256,417,41648,1997,4539,2423,4194,1282,302,105951
Yemen,2012,518,9731,4410,822,661,268,168,9890,1748,6867,61,8602,1348,1185,1310,408,42824,2055,4620,2417,4206,1337,315,106827
Yemen,2013,508,10142,3955,837,672,280,180,10167,1739,6778,63,7741,1279,1232,1375,415,44191,2143,4746,2428,4237,1396,329,107457
Yemen,2014,499,10462,4587,821,1136,285,188,10178,1653,6613,65,6902,1187,1241,1435,412,45318,2215,4825,2419,4231,1453,343,109821
Yemen,2015,509,10900,4196,837,1087,287,201,10522,1659,6585,68,6441,1131,1302,1507,421,47307,2311,4981,2460,4308,1510,357,113261
Yemen,2016,511,11338,4537,843,1684,289,215,10824,1646,6532,71,6560,1079,1362,1587,429,49168,2409,5162,2519,4420,1574,371,116647
Yemen,2017,509,11808,4813,846,1124,325,231,11155,1651,6461,74,7610,1023,1429,1665,437,51491,2505,5368,2607,4576,1638,386,120494
Yemen,2018,482,12293,4519,853,1119,332,249,11557,1750,6350,79,6778,1013,1517,1745,447,53763,2598,5569,2703,4737,1687,401,122541
Yemen,2019,479,12681,5089,843,820,347,261,11717,1705,6289,82,6614,1010,1560,1815,450,55752,2676,5738,2786,4877,1731,413,125735
