"Region, subregion, country or area *",Type,Year,Gender,0-4,5-9,10-14,15-19,20-24,25-29,30-34,35-39,40-44,45-49,50-54,55-59,60-64,65-69,70-74,75-79,80-84,85-89,90-94,95-99,100+,Total
Malaysia,Country/Area,1950,Female,20.167,1.837,0.788,1.02,1.289,1.464,1.584,1.509,1.435,1.276,1.579,1.634,2.852,3.553,5.158,4.832,3.094,1.717,0.624,0.14,0.021,57.573
Malaysia,Country/Area,1951,Female,19.915,1.755,0.773,1.024,1.275,1.441,1.567,1.499,1.438,1.326,1.562,1.622,2.721,3.411,4.681,4.578,2.947,1.427,0.493,0.091,0.015,55.561
Malaysia,Country/Area,1952,Female,19.386,1.723,0.746,1.046,1.274,1.444,1.546,1.506,1.393,1.41,1.498,1.669,2.529,3.379,4.191,4.302,2.867,1.194,0.397,0.067,0.011,53.578
Malaysia,Country/Area,1953,Female,18.834,1.705,0.714,1.07,1.273,1.45,1.515,1.523,1.334,1.509,1.423,1.745,2.323,3.397,3.762,4.033,2.809,1.032,0.33,0.054,0.007,51.842
Malaysia,Country/Area,1954,Female,18.274,1.689,0.687,1.084,1.278,1.454,1.489,1.53,1.286,1.586,1.384,1.802,2.169,3.378,3.454,3.753,2.734,0.942,0.28,0.04,0.005,50.298
Malaysia,Country/Area,1955,Female,17.675,1.689,0.667,1.091,1.291,1.458,1.471,1.527,1.261,1.622,1.393,1.828,2.092,3.303,3.273,3.481,2.639,0.908,0.241,0.033,0.003,48.946
Malaysia,Country/Area,1956,Female,17.071,1.72,0.654,1.038,1.259,1.405,1.435,1.505,1.255,1.624,1.448,1.806,2.076,3.156,3.188,3.197,2.527,0.898,0.209,0.028,0.002,47.501
Malaysia,Country/Area,1957,Female,16.467,1.735,0.648,0.964,1.222,1.327,1.392,1.461,1.262,1.576,1.55,1.738,2.137,2.94,3.201,2.907,2.42,0.901,0.184,0.024,0.002,46.058
Malaysia,Country/Area,1958,Female,15.799,1.733,0.644,0.866,1.161,1.224,1.33,1.39,1.266,1.494,1.658,1.647,2.224,2.692,3.227,2.634,2.297,0.903,0.168,0.021,0.002,44.38
Malaysia,Country/Area,1959,Female,15.068,1.69,0.638,0.807,1.125,1.161,1.271,1.315,1.256,1.411,1.726,1.599,2.291,2.527,3.236,2.458,2.17,0.901,0.162,0.019,0.001,42.832
Malaysia,Country/Area,1960,Female,14.309,1.636,0.639,0.758,1.078,1.107,1.213,1.247,1.236,1.35,1.752,1.603,2.316,2.444,3.18,2.37,2.039,0.89,0.166,0.019,0.001,41.353
Malaysia,Country/Area,1961,Female,13.533,1.572,0.645,0.719,1.024,1.063,1.156,1.188,1.21,1.317,1.741,1.666,2.294,2.447,3.074,2.366,1.909,0.881,0.173,0.018,0.001,39.997
Malaysia,Country/Area,1962,Female,12.765,1.507,0.645,0.689,0.957,1.029,1.095,1.134,1.176,1.305,1.683,1.789,2.212,2.533,2.9,2.427,1.772,0.872,0.183,0.017,0.001,38.691
Malaysia,Country/Area,1963,Female,12.047,1.437,0.641,0.666,0.887,0.991,1.034,1.082,1.132,1.297,1.598,1.933,2.106,2.653,2.704,2.5,1.649,0.859,0.193,0.016,0.001,37.426
Malaysia,Country/Area,1964,Female,11.356,1.387,0.643,0.639,0.823,0.932,0.982,1.022,1.111,1.262,1.54,2.029,2.026,2.709,2.542,2.508,1.565,0.83,0.2,0.016,0.001,36.123
Malaysia,Country/Area,1965,Female,10.645,1.322,0.631,0.629,0.776,0.883,0.943,0.976,1.081,1.242,1.497,2.094,2.033,2.747,2.495,2.496,1.555,0.807,0.208,0.019,0.001,35.08
Malaysia,Country/Area,1966,Female,10.003,1.286,0.629,0.637,0.755,0.845,0.93,0.951,1.068,1.232,1.493,2.123,2.127,2.745,2.539,2.455,1.604,0.784,0.217,0.022,0.001,34.446
Malaysia,Country/Area,1967,Female,9.444,1.253,0.623,0.649,0.732,0.818,0.928,0.954,1.026,1.278,1.493,2.127,2.343,2.723,2.716,2.403,1.724,0.767,0.23,0.025,0.001,34.257
Malaysia,Country/Area,1968,Female,8.995,1.237,0.626,0.65,0.712,0.757,0.923,0.934,1.023,1.265,1.54,2.076,2.568,2.643,2.902,2.3,1.831,0.745,0.238,0.026,0.001,33.992
Malaysia,Country/Area,1969,Female,8.636,1.199,0.618,0.648,0.692,0.7,0.904,0.914,1.011,1.25,1.574,2.03,2.748,2.609,3.037,2.237,1.896,0.741,0.239,0.03,0.001,33.714
Malaysia,Country/Area,1970,Female,8.357,1.15,0.614,0.661,0.71,0.667,0.89,0.894,1.021,1.214,1.614,2.01,2.848,2.642,3.096,2.223,1.91,0.758,0.239,0.033,0.001,33.552
Malaysia,Country/Area,1971,Female,7.988,1.071,0.592,0.662,0.732,0.656,0.869,0.891,1.007,1.209,1.615,2.016,2.879,2.766,3.086,2.276,1.887,0.797,0.235,0.035,0.002,33.271
Malaysia,Country/Area,1972,Female,7.652,0.999,0.573,0.663,0.748,0.656,0.84,0.897,0.991,1.206,1.601,2.054,2.83,2.985,3.014,2.398,1.825,0.856,0.232,0.038,0.002,33.06
Malaysia,Country/Area,1973,Female,7.377,0.925,0.55,0.661,0.757,0.658,0.805,0.902,0.972,1.206,1.575,2.104,2.733,3.239,2.916,2.549,1.75,0.916,0.23,0.039,0.002,32.866
Malaysia,Country/Area,1974,Female,7.064,0.858,0.523,0.658,0.765,0.664,0.775,0.896,0.956,1.206,1.548,2.15,2.655,3.446,2.886,2.67,1.718,0.958,0.236,0.04,0.003,32.675
Malaysia,Country/Area,1975,Female,6.73,0.796,0.497,0.654,0.766,0.676,0.75,0.88,0.947,1.2,1.53,2.174,2.613,3.565,2.943,2.737,1.735,0.978,0.251,0.043,0.003,32.468
Malaysia,Country/Area,1976,Female,6.408,0.747,0.471,0.61,0.707,0.645,0.686,0.814,0.927,1.165,1.513,2.165,2.595,3.57,3.071,2.731,1.79,0.973,0.27,0.045,0.003,31.906
Malaysia,Country/Area,1977,Female,6.082,0.706,0.448,0.566,0.649,0.609,0.633,0.746,0.92,1.127,1.503,2.13,2.612,3.474,3.291,2.657,1.897,0.948,0.298,0.045,0.004,31.345
Malaysia,Country/Area,1978,Female,5.772,0.68,0.433,0.528,0.595,0.571,0.587,0.683,0.921,1.091,1.503,2.085,2.657,3.334,3.544,2.573,2.03,0.926,0.327,0.046,0.004,30.89
Malaysia,Country/Area,1979,Female,5.469,0.654,0.421,0.526,0.601,0.584,0.597,0.667,0.939,1.093,1.511,2.064,2.717,3.251,3.773,2.572,2.156,0.937,0.352,0.051,0.005,30.94
Malaysia,Country/Area,1980,Female,5.215,0.628,0.411,0.525,0.609,0.595,0.615,0.658,0.946,1.105,1.521,2.054,2.756,3.233,3.853,2.611,2.214,0.963,0.366,0.057,0.005,30.94
Malaysia,Country/Area,1981,Female,5.021,0.607,0.405,0.526,0.619,0.606,0.64,0.661,0.943,1.13,1.53,2.054,2.775,3.262,3.856,2.743,2.239,1.026,0.376,0.064,0.006,31.089
Malaysia,Country/Area,1982,Female,4.841,0.589,0.403,0.526,0.626,0.617,0.661,0.67,0.931,1.161,1.537,2.056,2.782,3.322,3.797,2.973,2.227,1.127,0.384,0.074,0.006,31.31
Malaysia,Country/Area,1983,Female,4.672,0.568,0.401,0.522,0.633,0.624,0.679,0.686,0.913,1.192,1.544,2.061,2.783,3.374,3.783,3.305,2.248,1.271,0.399,0.089,0.007,31.754
Malaysia,Country/Area,1984,Female,4.491,0.538,0.4,0.512,0.629,0.638,0.69,0.697,0.906,1.191,1.56,2.043,2.792,3.377,3.842,3.597,2.327,1.402,0.427,0.102,0.009,32.17
Malaysia,Country/Area,1985,Female,4.302,0.522,0.398,0.482,0.604,0.636,0.678,0.712,0.896,1.177,1.568,2.033,2.792,3.393,3.937,3.844,2.427,1.477,0.46,0.11,0.01,32.458
Malaysia,Country/Area,1986,Female,4.114,0.51,0.397,0.457,0.578,0.635,0.668,0.731,0.895,1.164,1.589,2.038,2.802,3.432,4.051,4.018,2.607,1.526,0.508,0.117,0.012,32.849
Malaysia,Country/Area,1987,Female,3.9,0.51,0.395,0.441,0.557,0.627,0.663,0.758,0.897,1.171,1.618,2.086,2.819,3.532,4.131,4.119,2.862,1.54,0.573,0.122,0.015,33.336
Malaysia,Country/Area,1988,Female,3.759,0.502,0.397,0.452,0.56,0.633,0.68,0.786,0.921,1.182,1.667,2.135,2.866,3.604,4.22,4.136,3.214,1.585,0.659,0.13,0.018,34.106
Malaysia,Country/Area,1989,Female,3.508,0.492,0.397,0.465,0.561,0.634,0.694,0.813,0.953,1.197,1.71,2.18,2.939,3.654,4.345,4.122,3.529,1.672,0.733,0.142,0.021,34.761
Malaysia,Country/Area,1990,Female,3.41,0.489,0.393,0.478,0.567,0.626,0.705,0.835,0.992,1.217,1.734,2.222,3.021,3.693,4.485,4.117,3.77,1.811,0.797,0.159,0.023,35.544
Malaysia,Country/Area,1991,Female,3.342,0.479,0.389,0.484,0.571,0.608,0.712,0.852,1.017,1.245,1.736,2.265,3.116,3.704,4.662,4.043,3.861,1.965,0.823,0.178,0.025,36.077
Malaysia,Country/Area,1992,Female,3.288,0.459,0.383,0.486,0.566,0.589,0.717,0.861,1.035,1.272,1.73,2.283,3.19,3.669,4.853,4.007,3.902,2.194,0.839,0.204,0.026,36.553
Malaysia,Country/Area,1993,Female,3.236,0.434,0.389,0.488,0.561,0.584,0.717,0.855,1.039,1.303,1.727,2.283,3.217,3.625,4.952,4.04,3.907,2.452,0.862,0.233,0.028,36.932
Malaysia,Country/Area,1994,Female,3.147,0.395,0.386,0.486,0.546,0.581,0.703,0.841,1.048,1.338,1.73,2.295,3.201,3.663,4.913,4.29,3.996,2.758,0.94,0.266,0.031,37.554
Malaysia,Country/Area,1995,Female,3.074,0.377,0.391,0.492,0.547,0.588,0.691,0.842,1.058,1.399,1.739,2.342,3.208,3.845,4.788,4.623,3.984,2.934,1.018,0.282,0.035,38.257
Malaysia,Country/Area,1996,Female,3.032,0.392,0.408,0.497,0.546,0.588,0.692,0.867,1.071,1.444,1.74,2.39,3.232,4.074,4.656,4.944,3.9,2.98,1.1,0.286,0.038,38.877
Malaysia,Country/Area,1997,Female,2.849,0.369,0.411,0.486,0.526,0.566,0.684,0.886,1.077,1.474,1.773,2.427,3.303,4.29,4.602,5.219,3.855,2.962,1.205,0.284,0.043,39.291
Malaysia,Country/Area,1998,Female,2.674,0.375,0.427,0.485,0.517,0.552,0.687,0.906,1.113,1.492,1.861,2.46,3.413,4.412,4.671,5.419,3.966,2.991,1.352,0.295,0.049,40.117
Malaysia,Country/Area,1999,Female,2.526,0.379,0.426,0.489,0.51,0.549,0.692,0.914,1.176,1.544,2.004,2.494,3.553,4.466,4.884,5.501,4.221,3.068,1.519,0.328,0.057,41.3
Malaysia,Country/Area,2000,Female,2.332,0.36,0.391,0.489,0.502,0.543,0.681,0.904,1.224,1.59,2.111,2.499,3.609,4.477,5.115,5.37,4.425,3.064,1.621,0.365,0.062,41.734
Malaysia,Country/Area,2001,Female,2.153,0.341,0.353,0.485,0.494,0.544,0.678,0.901,1.256,1.649,2.183,2.533,3.612,4.517,5.401,5.21,4.604,3.044,1.681,0.413,0.066,42.118
Malaysia,Country/Area,2002,Female,1.991,0.322,0.335,0.484,0.496,0.542,0.667,0.901,1.266,1.688,2.223,2.61,3.559,4.639,5.559,5.129,4.7,3.026,1.695,0.464,0.069,42.365
Malaysia,Country/Area,2003,Female,1.906,0.318,0.331,0.479,0.504,0.542,0.67,0.901,1.279,1.748,2.28,2.732,3.514,4.793,5.631,5.24,4.751,3.1,1.711,0.525,0.073,43.028
Malaysia,Country/Area,2004,Female,1.826,0.316,0.333,0.483,0.524,0.539,0.673,0.899,1.295,1.808,2.364,2.866,3.476,4.932,5.624,5.508,4.673,3.194,1.701,0.569,0.081,43.684
Malaysia,Country/Area,2005,Female,1.756,0.302,0.319,0.474,0.529,0.532,0.672,0.889,1.3,1.869,2.435,2.984,3.474,4.961,5.676,5.922,4.534,3.276,1.661,0.595,0.09,44.25
Malaysia,Country/Area,2006,Female,1.724,0.286,0.305,0.469,0.53,0.533,0.67,0.896,1.315,1.918,2.512,3.108,3.548,4.954,5.86,6.403,4.42,3.324,1.61,0.603,0.102,45.09
Malaysia,Country/Area,2007,Female,1.729,0.273,0.296,0.463,0.53,0.55,0.67,0.913,1.323,1.956,2.58,3.23,3.694,4.905,6.145,6.763,4.41,3.364,1.596,0.61,0.117,46.117
Malaysia,Country/Area,2008,Female,1.747,0.261,0.288,0.46,0.533,0.566,0.668,0.928,1.341,1.982,2.688,3.366,3.882,4.873,6.263,6.946,4.632,3.533,1.736,0.669,0.147,47.509
Malaysia,Country/Area,2009,Female,1.756,0.255,0.286,0.459,0.54,0.583,0.673,0.942,1.361,2.011,2.804,3.498,4.088,4.901,6.313,7.091,4.946,3.699,1.955,0.746,0.184,49.091
Malaysia,Country/Area,2010,Female,1.739,0.252,0.28,0.458,0.542,0.595,0.685,0.95,1.385,2.037,2.916,3.626,4.281,5.008,6.291,7.296,5.294,3.86,2.211,0.824,0.223,50.753
Malaysia,Country/Area,2011,Female,1.774,0.251,0.277,0.448,0.543,0.613,0.701,0.958,1.392,2.064,2.98,3.744,4.494,5.126,6.487,7.584,5.561,3.951,2.395,0.868,0.252,52.463
Malaysia,Country/Area,2012,Female,1.778,0.249,0.277,0.44,0.537,0.627,0.727,0.981,1.404,2.108,3.076,3.877,4.702,5.264,6.61,7.875,5.847,4.178,2.617,0.945,0.287,54.406
Malaysia,Country/Area,2013,Female,1.791,0.25,0.278,0.441,0.543,0.653,0.773,1.018,1.443,2.156,3.179,4.054,4.946,5.487,6.686,8.185,6.224,4.604,2.891,1.089,0.334,57.025
Malaysia,Country/Area,2014,Female,1.817,0.25,0.276,0.444,0.549,0.668,0.841,1.07,1.501,2.198,3.295,4.246,5.171,5.837,6.662,8.419,6.615,5.083,3.112,1.26,0.38,59.694
Malaysia,Country/Area,2015,Female,1.82,0.247,0.272,0.446,0.553,0.679,0.901,1.123,1.557,2.225,3.369,4.435,5.4,6.202,6.735,8.653,6.973,5.497,3.238,1.402,0.407,62.134
Malaysia,Country/Area,2016,Female,1.815,0.242,0.263,0.438,0.545,0.667,0.941,1.175,1.594,2.245,3.415,4.569,5.583,6.54,6.881,8.846,7.219,5.722,3.273,1.479,0.413,63.865
Malaysia,Country/Area,2017,Female,1.81,0.235,0.256,0.433,0.531,0.655,0.96,1.229,1.632,2.267,3.445,4.668,5.715,6.848,7.151,9.128,7.407,5.814,3.328,1.521,0.418,65.451
Malaysia,Country/Area,2018,Female,1.785,0.231,0.247,0.428,0.514,0.639,0.968,1.283,1.67,2.288,3.451,4.747,5.815,7.13,7.466,9.364,7.601,5.871,3.432,1.534,0.434,66.898
Malaysia,Country/Area,2019,Female,1.745,0.228,0.236,0.423,0.503,0.623,0.971,1.337,1.719,2.314,3.454,4.816,5.913,7.388,7.844,9.612,7.81,5.965,3.559,1.525,0.457,68.442
Malaysia,Country/Area,2020,Female,1.654,0.224,0.229,0.415,0.492,0.604,0.965,1.382,1.773,2.343,3.453,4.859,6.004,7.609,8.25,9.894,8.002,6.163,3.745,1.539,0.489,70.088
Malaysia,Country/Area,2021,Female,1.552,0.218,0.223,0.403,0.487,0.632,1.068,1.677,2.305,3.125,4.588,6.356,7.771,9.468,10.207,11.557,9.824,8.452,5.497,2.254,0.726,88.39
Malaysia,Country/Area,2022,Female,1.523,0.212,0.217,0.393,0.481,0.602,1.002,1.556,2.099,2.726,3.949,5.477,6.879,8.62,9.715,11.284,8.835,7.097,4.305,1.703,0.531,79.206
Malaysia,Country/Area,2023,Female,1.505,0.201,0.211,0.379,0.472,0.579,0.955,1.477,1.992,2.48,3.545,4.914,6.325,8.136,9.518,11.443,8.28,6.418,3.683,1.457,0.441,74.411
Malaysia,Country/Area,1950,Male,22.514,0.7518378378378379,0.874,0.878,1.216,1.187,1.375,1.616,1.904,2.253,2.546,2.459,3.785,4.809,6.25,5.277,3.298,1.677,0.546,0.118,0.016,66.442
Malaysia,Country/Area,1951,Male,22.52,0.7518378378378379,0.868,0.936,1.301,1.266,1.422,1.65,1.948,2.34,2.603,2.488,3.608,4.557,5.723,5.026,3.14,1.421,0.442,0.078,0.012,65.125
Malaysia,Country/Area,1952,Male,22.166,0.7518378378378379,0.835,0.942,1.224,1.224,1.343,1.592,1.871,2.379,2.571,2.554,3.345,4.368,5.153,4.728,3.033,1.202,0.361,0.059,0.009,62.697
Malaysia,Country/Area,1953,Male,21.719,0.7518378378378379,0.794,0.927,1.093,1.139,1.227,1.514,1.754,2.408,2.51,2.648,3.081,4.224,4.645,4.434,2.951,1.047,0.303,0.047,0.006,60.19
Malaysia,Country/Area,1954,Male,21.228,0.7518378378378379,0.758,0.931,1.045,1.111,1.171,1.471,1.679,2.433,2.488,2.738,2.9,4.072,4.259,4.136,2.864,0.959,0.262,0.036,0.004,58.251
Malaysia,Country/Area,1955,Male,20.7,0.7518378378378379,0.73,0.908,0.988,1.054,1.109,1.409,1.607,2.416,2.49,2.787,2.811,3.887,3.974,3.834,2.762,0.919,0.23,0.029,0.003,56.364
Malaysia,Country/Area,1956,Male,20.145,0.7518378378378379,0.713,0.907,0.997,1.037,1.083,1.351,1.564,2.359,2.532,2.816,2.814,3.683,3.788,3.539,2.661,0.907,0.202,0.026,0.002,54.847
Malaysia,Country/Area,1957,Male,19.586,0.7518378378378379,0.706,0.891,1.029,1.009,1.069,1.286,1.538,2.263,2.608,2.81,2.909,3.435,3.686,3.247,2.566,0.907,0.182,0.022,0.002,53.459
Malaysia,Country/Area,1958,Male,18.915,0.7518378378378379,0.709,0.857,1.057,0.972,1.051,1.214,1.515,2.145,2.692,2.79,3.049,3.197,3.619,2.985,2.464,0.913,0.166,0.02,0.001,52.013
Malaysia,Country/Area,1959,Male,18.108,0.7518378378378379,0.711,0.789,1.016,0.901,1.005,1.142,1.476,2.038,2.728,2.776,3.156,3.028,3.528,2.789,2.347,0.914,0.16,0.019,0.001,50.298
Malaysia,Country/Area,1960,Male,17.281,0.7518378378378379,0.721,0.743,0.984,0.867,0.971,1.091,1.438,1.955,2.731,2.801,3.224,2.954,3.4,2.653,2.217,0.907,0.164,0.018,0.001,48.756
Malaysia,Country/Area,1961,Male,16.449,0.7518378378378379,0.738,0.703,0.935,0.839,0.925,1.048,1.39,1.881,2.686,2.85,3.241,2.954,3.227,2.559,2.075,0.893,0.168,0.017,0.001,47.17
Malaysia,Country/Area,1962,Male,15.61,0.7518378378378379,0.747,0.672,0.873,0.825,0.871,1.014,1.33,1.823,2.592,2.934,3.209,3.038,3.012,2.513,1.926,0.881,0.175,0.015,0.001,45.605
Malaysia,Country/Area,1963,Male,14.787,0.7518378378378379,0.752,0.656,0.812,0.818,0.821,0.988,1.273,1.781,2.481,3.04,3.16,3.175,2.809,2.489,1.799,0.867,0.183,0.015,0.001,44.198
Malaysia,Country/Area,1964,Male,13.971,0.7518378378378379,0.762,0.651,0.77,0.803,0.781,0.945,1.242,1.714,2.411,3.126,3.148,3.295,2.685,2.447,1.713,0.847,0.19,0.015,0.001,42.955
Malaysia,Country/Area,1965,Male,13.142,0.7518378378378379,0.76,0.654,0.727,0.774,0.754,0.915,1.21,1.672,2.345,3.175,3.192,3.388,2.658,2.391,1.67,0.823,0.196,0.016,0.001,41.852
Malaysia,Country/Area,1966,Male,12.4,0.7518378378378379,0.763,0.675,0.708,0.747,0.752,0.894,1.203,1.64,2.313,3.193,3.292,3.458,2.72,2.32,1.662,0.798,0.203,0.019,0.001,41.125
Malaysia,Country/Area,1967,Male,11.749,0.7518378378378379,0.767,0.721,0.704,0.728,0.775,0.901,1.195,1.658,2.281,3.181,3.473,3.513,2.89,2.236,1.696,0.775,0.211,0.022,0.001,40.832
Malaysia,Country/Area,1968,Male,11.22,0.7518378378378379,0.768,0.766,0.742,0.721,0.82,0.886,1.222,1.629,2.303,3.117,3.654,3.523,3.085,2.134,1.728,0.751,0.218,0.024,0.001,40.632
Malaysia,Country/Area,1969,Male,10.798,0.7518378378378379,0.761,0.815,0.791,0.719,0.853,0.876,1.241,1.608,2.314,3.05,3.786,3.556,3.246,2.081,1.732,0.738,0.219,0.025,0.001,40.479
Malaysia,Country/Area,1970,Male,10.449,0.7518378378378379,0.753,0.834,0.843,0.712,0.865,0.865,1.26,1.583,2.328,2.998,3.85,3.623,3.353,2.08,1.708,0.734,0.217,0.026,0.001,40.298
Malaysia,Country/Area,1971,Male,10.059,0.7518378378378379,0.74,0.843,0.887,0.7,0.849,0.869,1.248,1.584,2.302,2.979,3.872,3.748,3.429,2.143,1.669,0.744,0.214,0.029,0.001,40.065
Malaysia,Country/Area,1972,Male,9.69,0.7518378378378379,0.723,0.849,0.924,0.704,0.827,0.898,1.227,1.611,2.27,2.994,3.83,3.94,3.482,2.272,1.607,0.766,0.21,0.031,0.002,39.955
Malaysia,Country/Area,1973,Male,9.366,0.7518378378378379,0.704,0.85,0.952,0.718,0.798,0.93,1.201,1.645,2.228,3.022,3.741,4.146,3.513,2.432,1.543,0.79,0.208,0.033,0.002,39.861
Malaysia,Country/Area,1974,Male,8.972,0.7518378378378379,0.683,0.861,0.996,0.749,0.781,0.958,1.191,1.675,2.2,3.046,3.665,4.308,3.579,2.579,1.52,0.801,0.21,0.034,0.002,39.792
Malaysia,Country/Area,1975,Male,8.552,0.7518378378378379,0.658,0.864,1.018,0.789,0.769,0.964,1.192,1.691,2.186,3.051,3.617,4.4,3.688,2.695,1.545,0.8,0.216,0.035,0.002,39.664
Malaysia,Country/Area,1976,Male,8.143,0.7518378378378379,0.636,0.887,1.054,0.857,0.784,0.974,1.226,1.697,2.208,3.045,3.607,4.443,3.853,2.798,1.619,0.794,0.226,0.035,0.002,39.774
Malaysia,Country/Area,1977,Male,7.737,0.7518378378378379,0.619,0.932,1.132,0.954,0.828,0.986,1.302,1.692,2.264,3.022,3.638,4.411,4.072,2.864,1.743,0.778,0.24,0.035,0.003,40.101
Malaysia,Country/Area,1978,Male,7.364,0.7518378378378379,0.607,0.983,1.22,1.056,0.887,0.995,1.396,1.685,2.339,2.989,3.691,4.335,4.307,2.914,1.892,0.764,0.254,0.036,0.003,40.538
Malaysia,Country/Area,1979,Male,7.003,0.7518378378378379,0.593,0.989,1.237,1.089,0.91,0.968,1.443,1.683,2.383,2.96,3.719,4.257,4.475,2.981,2.023,0.769,0.263,0.038,0.003,40.581
Malaysia,Country/Area,1980,Male,6.703,0.7518378378378379,0.581,0.993,1.252,1.111,0.947,0.953,1.467,1.702,2.416,2.962,3.75,4.229,4.521,3.057,2.116,0.792,0.264,0.042,0.003,40.634
Malaysia,Country/Area,1981,Male,6.475,0.7518378378378379,0.58,1.015,1.307,1.155,1.015,0.966,1.477,1.758,2.436,3.008,3.779,4.246,4.535,3.188,2.201,0.845,0.266,0.044,0.004,41.054
Malaysia,Country/Area,1982,Male,6.255,0.7518378378378379,0.578,1.014,1.318,1.162,1.052,0.978,1.452,1.833,2.426,3.072,3.791,4.284,4.497,3.377,2.272,0.93,0.268,0.049,0.004,41.35
Malaysia,Country/Area,1983,Male,6.05,0.7518378378378379,0.578,1.017,1.348,1.187,1.094,1.012,1.427,1.917,2.419,3.143,3.784,4.319,4.508,3.638,2.365,1.041,0.274,0.054,0.004,41.9
Malaysia,Country/Area,1984,Male,5.842,0.7518378378378379,0.577,1.019,1.381,1.252,1.138,1.077,1.416,1.944,2.439,3.182,3.803,4.297,4.572,3.837,2.454,1.134,0.286,0.058,0.005,42.412
Malaysia,Country/Area,1985,Male,5.619,0.7518378378378379,0.58,1.053,1.434,1.319,1.192,1.159,1.433,1.974,2.494,3.233,3.846,4.29,4.615,3.989,2.613,1.232,0.313,0.061,0.005,43.138
Malaysia,Country/Area,1986,Male,5.387,0.7518378378378379,0.585,1.095,1.487,1.389,1.244,1.252,1.468,1.995,2.589,3.28,3.919,4.3,4.665,4.087,2.807,1.319,0.347,0.066,0.006,43.957
Malaysia,Country/Area,1987,Male,5.11,0.7518378378378379,0.594,1.146,1.523,1.415,1.294,1.318,1.519,2.043,2.711,3.34,4.017,4.379,4.687,4.172,3.083,1.407,0.398,0.066,0.007,44.895
Malaysia,Country/Area,1988,Male,4.921,0.7518378378378379,0.599,1.171,1.529,1.437,1.332,1.375,1.576,2.068,2.83,3.389,4.134,4.438,4.769,4.201,3.34,1.471,0.447,0.068,0.008,45.767
Malaysia,Country/Area,1989,Male,4.587,0.7518378378378379,0.604,1.2,1.533,1.449,1.367,1.423,1.645,2.104,2.932,3.453,4.259,4.49,4.885,4.208,3.569,1.555,0.491,0.072,0.008,46.493
Malaysia,Country/Area,1990,Male,4.456,0.7518378378378379,0.615,1.21,1.515,1.411,1.386,1.45,1.74,2.177,3.007,3.578,4.358,4.567,4.995,4.277,3.786,1.676,0.534,0.08,0.009,47.496
Malaysia,Country/Area,1991,Male,4.363,0.7518378378378379,0.625,1.223,1.51,1.369,1.404,1.467,1.808,2.258,3.043,3.713,4.466,4.633,5.128,4.259,3.907,1.793,0.563,0.088,0.009,48.298
Malaysia,Country/Area,1992,Male,4.287,0.7518378378378379,0.628,1.248,1.524,1.352,1.429,1.491,1.866,2.352,3.082,3.828,4.579,4.703,5.272,4.246,3.991,1.949,0.591,0.099,0.009,49.18
Malaysia,Country/Area,1993,Male,4.214,0.7518378378378379,0.625,1.323,1.602,1.411,1.485,1.547,1.906,2.434,3.146,3.898,4.703,4.761,5.409,4.225,4.014,2.106,0.618,0.111,0.009,50.174
Malaysia,Country/Area,1994,Male,4.102,0.7518378378378379,0.622,1.418,1.695,1.494,1.554,1.646,1.987,2.548,3.269,3.98,4.803,4.894,5.47,4.388,4.076,2.279,0.665,0.123,0.01,51.611
Malaysia,Country/Area,1995,Male,4.002,0.7518378378378379,0.638,1.513,1.785,1.594,1.651,1.788,2.082,2.672,3.388,4.09,4.893,5.086,5.462,4.626,4.046,2.358,0.702,0.129,0.011,53.083
Malaysia,Country/Area,1996,Male,3.938,0.7518378378378379,0.665,1.573,1.845,1.701,1.767,1.961,2.194,2.772,3.509,4.171,5.001,5.332,5.405,4.87,3.968,2.369,0.738,0.132,0.012,54.497
Malaysia,Country/Area,1997,Male,3.718,0.7518378378378379,0.674,1.591,1.84,1.775,1.872,2.111,2.341,2.872,3.651,4.309,5.17,5.595,5.436,5.119,3.945,2.366,0.785,0.137,0.013,55.88
Malaysia,Country/Area,1998,Male,3.493,0.7518378378378379,0.691,1.588,1.8,1.803,1.945,2.23,2.525,2.978,3.848,4.477,5.405,5.817,5.588,5.35,4.064,2.419,0.861,0.147,0.015,57.616
Malaysia,Country/Area,1999,Male,3.293,0.7518378378378379,0.69,1.573,1.74,1.785,1.996,2.314,2.714,3.135,4.087,4.698,5.688,5.99,5.861,5.468,4.288,2.511,0.948,0.163,0.017,59.543
Malaysia,Country/Area,2000,Male,3.021,0.7518378378378379,0.639,1.515,1.664,1.717,2.003,2.325,2.815,3.219,4.218,4.825,5.824,6.078,6.077,5.395,4.416,2.532,0.999,0.179,0.019,60.028
Malaysia,Country/Area,2001,Male,2.778,0.7518378378378379,0.594,1.5,1.645,1.66,2.006,2.319,2.858,3.3,4.276,4.968,5.891,6.23,6.293,5.292,4.509,2.542,1.038,0.197,0.02,60.427
Malaysia,Country/Area,2002,Male,2.565,0.7518378378378379,0.563,1.51,1.661,1.626,1.987,2.282,2.853,3.368,4.259,5.103,5.889,6.469,6.451,5.295,4.554,2.552,1.054,0.217,0.022,60.752
Malaysia,Country/Area,2003,Male,2.45,0.7518378378378379,0.558,1.545,1.706,1.632,1.983,2.282,2.888,3.506,4.305,5.318,5.964,6.794,6.596,5.476,4.609,2.62,1.08,0.24,0.024,62.032
Malaysia,Country/Area,2004,Male,2.349,0.7518378378378379,0.554,1.517,1.727,1.642,1.978,2.282,2.897,3.64,4.38,5.479,6.057,7.049,6.712,5.746,4.555,2.663,1.084,0.256,0.026,63.038
Malaysia,Country/Area,2005,Male,2.264,0.7518378378378379,0.532,1.453,1.736,1.653,1.978,2.307,2.9,3.727,4.498,5.575,6.182,7.227,6.908,6.077,4.445,2.671,1.072,0.267,0.029,63.927
Malaysia,Country/Area,2006,Male,2.224,0.7518378378378379,0.512,1.38,1.732,1.659,1.978,2.335,2.894,3.791,4.658,5.657,6.334,7.362,7.26,6.42,4.335,2.647,1.051,0.274,0.033,64.938
Malaysia,Country/Area,2007,Male,2.225,0.7518378378378379,0.503,1.362,1.731,1.661,1.989,2.383,2.913,3.877,4.883,5.805,6.603,7.489,7.766,6.693,4.308,2.649,1.055,0.284,0.038,66.607
Malaysia,Country/Area,2008,Male,2.256,0.7518378378378379,0.498,1.39,1.732,1.66,1.96,2.375,2.952,3.958,5.103,6.058,6.859,7.564,8.062,6.937,4.533,2.819,1.166,0.323,0.048,68.625
Malaysia,Country/Area,2009,Male,2.266,0.7518378378378379,0.496,1.431,1.738,1.68,1.958,2.378,3.011,4.051,5.32,6.333,7.158,7.674,8.284,7.233,4.85,3.043,1.331,0.375,0.061,71.037
Malaysia,Country/Area,2010,Male,2.241,0.7518378378378379,0.49,1.455,1.739,1.718,1.971,2.377,3.072,4.113,5.493,6.581,7.401,7.844,8.39,7.646,5.204,3.302,1.519,0.433,0.076,73.42
Malaysia,Country/Area,2011,Male,2.29,0.7518378378378379,0.489,1.492,1.734,1.733,2.021,2.412,3.095,4.165,5.68,6.8,7.709,8.105,8.75,8.077,5.357,3.433,1.635,0.47,0.087,75.883
Malaysia,Country/Area,2012,Male,2.298,0.7518378378378379,0.497,1.534,1.733,1.719,2.05,2.437,3.118,4.22,5.852,7.068,8.025,8.395,8.976,8.534,5.556,3.652,1.783,0.523,0.102,78.413
Malaysia,Country/Area,2013,Male,2.317,0.7518378378378379,0.512,1.572,1.761,1.718,2.096,2.489,3.185,4.316,6.055,7.414,8.384,8.834,9.143,9.02,5.978,4.076,2.021,0.617,0.124,81.974
Malaysia,Country/Area,2014,Male,2.351,0.7518378378378379,0.526,1.578,1.796,1.719,2.16,2.575,3.291,4.444,6.255,7.79,8.791,9.401,9.243,9.493,6.575,4.601,2.285,0.732,0.147,86.097
Malaysia,Country/Area,2015,Male,2.346,0.7518378378378379,0.532,1.577,1.817,1.723,2.229,2.698,3.397,4.542,6.41,8.109,9.168,9.964,9.433,9.87,7.139,5.011,2.482,0.82,0.163,89.776
Malaysia,Country/Area,2016,Male,2.328,0.7518378378378379,0.521,1.579,1.808,1.713,2.276,2.825,3.496,4.6,6.48,8.328,9.475,10.477,9.721,10.152,7.498,5.173,2.563,0.858,0.169,92.381
Malaysia,Country/Area,2017,Male,2.311,0.7518378378378379,0.503,1.554,1.77,1.697,2.31,2.963,3.597,4.637,6.458,8.455,9.63,10.891,10.024,10.41,7.719,5.194,2.608,0.876,0.172,94.111
Malaysia,Country/Area,2018,Male,2.271,0.7518378378378379,0.485,1.525,1.731,1.679,2.333,3.102,3.719,4.69,6.418,8.56,9.754,11.287,10.405,10.644,7.952,5.237,2.678,0.891,0.18,95.866
Malaysia,Country/Area,2019,Male,2.209,0.7518378378378379,0.463,1.501,1.697,1.666,2.359,3.242,3.886,4.785,6.408,8.667,9.915,11.695,10.918,10.93,8.216,5.358,2.762,0.908,0.19,98.095
Malaysia,Country/Area,2020,Male,2.094,0.7518378378378379,0.444,1.478,1.662,1.648,2.388,3.372,4.087,4.905,6.427,8.729,10.097,12.071,11.514,11.282,8.457,5.551,2.842,0.932,0.201,100.496
Malaysia,Country/Area,2021,Male,1.963,0.7518378378378379,0.433,1.434,1.628,1.774,2.702,4.064,5.383,6.552,8.49,11.189,12.923,15.051,14.619,13.463,10.043,7.006,3.696,1.229,0.263,124.213
Malaysia,Country/Area,2022,Male,1.932,0.7518378378378379,0.424,1.384,1.577,1.652,2.533,3.78,4.938,5.787,7.41,9.699,11.53,13.641,13.674,12.963,9.236,6.379,3.152,1.048,0.223,113.258
Malaysia,Country/Area,2023,Male,1.913,0.7518378378378379,0.413,1.319,1.523,1.549,2.403,3.585,4.674,5.326,6.708,8.698,10.604,12.769,13.15,12.94,8.743,6.095,2.887,0.97,0.206,106.752
